City,LoadCapacity,UnloadCapacity,Stock,Capacity,latitude,longitude
POOL / RESERVE,3,5,2,2222,51.510094,10.248004
GEBRAUCHTWAGEN POOL (FZG OHNE,9,6,5,22834,51.3324092,10.5288108
ALIGSE F. DIREKTGESCH. ENTERPR,9,9,0,2000,52.3749334,9.9748557
Wolfsburg Autostadt,9,8,484,2222,52.423458,10.759152
WOLFSBURG AUTO 5000,3,3,2,0,52.4205588,10.7861682
"NACHRUESTUNG PROD. WOB LACK I",2,8,0,3000,52.423458,10.759152
FLUGHAFEN HANNOVER,4,9,9,327,52.3744779,9.7385532
SONSTIGE/DIVERSE AUSRüSTER AB,7,1,-131,296,52.0794912,11.6350821
Kassel,2,8,1,6,51.3154546,9.4924096
Kassel,7,5,1,2222,51.3154546,9.4924096
Dodendorf,3,1,0,5000,52.0394254,11.6131033
Gößnitz,10,5,-2,1500,50.889108,12.431532
Calden,1,3,-2,500,51.3965572,9.3642196
SALZGITTER VERMIETER-FZ ZB 81-,4,10,0,0,52.1503721,10.3593147
Nürnberg,10,7,1,0,49.453872,11.077298
Ingolstadt,9,3,2,0,48.7630165,11.4250395
Neuburg Bertrandt,2,1,208,2222,48.98960345,8.22454233596518
Faulbach,8,10,650,2222,49.7847518,9.4410898
Neckarsulm-Waldenburg,9,2,3,2222,49.197779,9.225185
Schweinfurt - Schlamminger,5,10,8,17,50.043218546,10.156244366
FRANKFURT GRIESHEIM,1,10,0,0,50.0942339,8.6058328
Hemau,7,8,668,2222,49.0517889,11.7824249
Ingolstadt-Probfeld/Karlskorn,2,7,407,2222,48.704139,11.435272
Schwandorf,7,10,-36,366,49.3261854,12.1092708
ZBH ALIGSE,10,6,2,2000,52.3749334,9.9748557
ZBH HESSISCH-LICHTENAU,2,6,7,8,51.1927404,9.7517183
Dodendorf,6,1,1,5000,52.0394254,11.6131033
NAHBEREICH EMDEN,6,5,159,420,53.3670541,7.2058304
RESERVIERT FUER AUSRUESTER-DIR,8,7,0,3000,53.3670541,7.2058304
ZBH FRANKFURT-GRIESHEIM,3,1,6,8,50.0914289,8.6078631
VOLKSWAGEN LOGISTICS,3,7,0,3000,53.3670541,7.2058304
ALIGSE F. DIREKTGESCH. EUROPA,5,5,0,2000,52.3749334,9.9748557
Hamburg ,8,9,-535,2000,53.550341,10.000654
Lübeck ,3,10,168,3500,53.866444,10.684738
"DUEREN, DC KONSOLIDIERUNGSPL.",4,5,0,0,50.8031684,6.4820806
VOLKSWAGEN LOGISTICS,3,8,1411,2500,50.8199031,12.5397873
GLAUCHAU F. DIREKTGESCH. AVIS,9,5,0,2500,50.8199031,12.5397873
Behörden und Sondertransporte Volkswagen Werk Wolfsburg,10,8,159,314,52.4205588,10.7861682
ALIGSE FUER EUROPCAR,2,2,0,2000,52.3749334,9.9748557
ALIGSE F. DIREKTGESCH. SIXT,7,4,0,2000,52.3749334,9.9748557
"AUTOVERMIETER AVIS, ETZIN",7,2,12152,13368,52.5191107,12.855098
ETZIN F. DIREKTGESCH. AVIS,6,2,0,0,52.5191107,12.855098
Biebesheim - Frankenbach,3,6,573,500,49.78732,8.47404
Bremen - CAT,8,4,0,0,53.1757552,8.59007454520526
Bremen - BLG,9,5,0,0,53.09771065,8.71136637994325
Bremerhaven - BLG,5,5,8561,22254,53.57832,8.57301
Bremerhaven (Autotor Nord) - BLG,2,3,-1751,2191,53.5857143,8.5521556
Baunatal (Kassel) - Werk,4,5,136,2528,51.26065,9.436
Calden - DP Trading,3,3,1289,1971,51.40303,9.37583
Cuxhaven - Cuxport,10,9,40,3000,53.86237085,8.72052989999999
Cuxhaven - BLG,7,2,1520,3000,53.85896,8.72047
Darmstadt - R+H,8,4,1692,3200,49.8803001999999,8.62685566228991
Darmstadt - Carmago,5,8,0,0,49.895122,8.680371
"DEUTSCHLAND, EMDEN (AL MOSOLF)",6,2,0,3000,53.3670541,7.2058304
Dresden - Gläserne Manufaktur,4,2,5425,8056,51.04402,13.75303
Düren - CAT,7,8,0,0,50.7885179,6.5030575
Duisburg - BLG,1,3,1892,4014,51.40057,6.73559
St. Egidien - Volkswagen,3,1,14,2222,50.7921734,12.6198522
ALM EMDEN,10,1,0,3000,53.3670541,7.2058304
Emden - Werk,9,10,13345,11619,53.35271,7.16983
Emden - Außenhafen,9,9,16953,44650,53.33672,7.17683
Emden - Binnenhafen,1,3,5171,10300,53.34623,7.2088
Emden - Werk Halle 10,5,10,2542,3000,53.34785,7.18213
Emden - Dirks,1,8,0,3000,53.341078,7.1810426
Emden - Weets,7,6,1731,1995,53.345293,7.20358438530303
Essen - Helf,2,6,2710,4500,51.4988,7.02835
Wolfsburg (MLW Fallersleben) - Mosolf,6,4,1567,3157,52.42378,10.69512
Faulbach - Roos,5,5,1161,2222,49.77302,9.4626
Furth im Wald,9,7,1055,4754,49.3199,12.85
Glauchau - SAT (Mosolf),3,5,2057,6622,50.82845,12.540998
Ginsheim-Gustavsburg - Frankenbach,9,8,711,890,49.99216,8.33922
Gößnitz - SAT (Mosolf),1,9,2034,1500,50.90203,12.43075
Großmehring - Roos,9,4,0,369,48.740959,11.500039
Griesheim - Carmago,8,2,0,0,49.8702707,8.5649021
Hannover - Werk,10,6,6676,11492,52.41971,9.65624
Hannover - Schwarze Heide,2,3,547,2222,52.42712,9.64926
Hannover - Camper Fertigung,7,9,21,106,52.3701789,9.6807784
Hannover - Heritage,9,2,9,175,52.36943335,9.68551366840265
Hamburg - BLG,6,3,2235,3000,53.50578,9.94394
Hamburg - Unikai,5,10,1472,2259,53.52747,10.01193
Hodenhagen - Altmann,8,5,1,0,52.7669202,9.603723
Heilbronn (Böllinger Höfe) - Audi,6,9,86,2222,49.1800118,9.1629354
Hemau - Aichinger,4,2,2648,2222,49.0505965,11.7846326334997
Illingen - Mosolf,5,6,6832,8140,48.95471,8.94191
Ingolstadt - Werk,2,7,2030,5314,48.78328,11.41583
Probfeld (Karlskron) - ATP,8,7,6331,2222,48.679391,11.368554
Kassel-Waldau - Formel D,4,9,609,2222,51.27942,9.50042
Kippenheim - Mosolf,8,3,6185,5884,48.32359905,7.8336753768064
Ketzin - Mosolf,9,2,550,700,52.5321339,12.8599463
Lübeck - LHG Seelandkai,10,8,80,3500,53.90216,10.78164
Lübeck (Travemünde) - LHG Skandinavienkai,2,1,804,3500,53.93406,10.83853
Lähden - Sandmann,9,9,1,1500,52.75434415,7.57633758364152
Lehrte (Aligse) - CAT,9,10,1480,2000,52.39468185,9.97465349281542
Moormerland - Akkermann,6,10,1,500,53.3107577,7.4681709
Münchsmünster - Audi,3,4,403,2477,48.7548451,11.6956584
Altenburg (Nobitz),4,3,55,1464,50.978571,12.5108442
Neuseddin - CAT,10,10,1948,2556,52.2889,13.00601
Neckarsulm - Audi Forum?,2,4,23446,48129,49.19357,9.22127
Neuss - Autoterminal Neuss,3,1,2421,4122,51.21054,6.7142
Nürnberg - Altmann,2,4,798,1460,49.4276465,11.0971937
Osnabrück - Werk,9,6,636,650,52.26406,8.08118
Osnabrück - CAT,3,5,2215,3146,52.26288,8.09121
Osnabrück - Kundencenter,10,3,1461,1605,52.2644466,8.0699502
DUMMY ID,2,3,0,0,50.7185043,12.4939267
Rehden - BTR,8,9,12560,15000,52.624975,8.4804901
Riedstadt - Altmann,6,8,1,3,49.83066,8.4834
Regensburg - Altmann,10,1,10,0,49.0173809,12.1227672
Schwandorf (Regensburg) - Schlamminger,8,6,40,9,49.0592631,12.1237971
Rackwitz - SAT (Mosolf),1,8,16311,20344,51.44049,12.38247
Salzgitter - Werk,7,1,6887,17222,52.1803852,10.4165528
Schwandorf (Platz 3+4) - Schlamminger,3,5,-37,1487,49.3012227,12.0830175
Stralendorf - Junge,7,1,3,2222,53.57412,11.29174
Steinheim - Spier,7,6,0,35,51.83363,9.06433
Buch - AKB,10,9,0,0,48.2090658,10.2417515255181
Überherrn - Mosolf,2,2,300,2322,49.24579495,6.7082163303349
Dodendorf (Sülzetal) - BLG,9,6,1427,5700,52.04981,11.60992
Waldenburg - Audi,1,8,1331,2222,49.20065,9.66122
Klitschmar (Wiedemar) - Altmann,3,8,72,3341,51.51032545,12.2323465808735
Wismar - Seehafen Wismar GmbH,7,5,0,0,53.90861375,11.45077645
Wolnzach - Altmann,3,10,2344,3208,48.5933679,11.629062251781
Wiesmoor - Schoon,4,8,15,2222,53.40097,7.73987
Wolfsburg - Werk,5,6,6556,16508,52.4354,10.79639
Wilhelmshaven - CAT,1,6,203,2222,535880157,8.1311316
Neuenburg (Zetel) - Möhlmann,8,2,5913,8184,53.37219,7.951583
Zülpich - WWL,4,8,0,0,50.7082773,6.63808493331028
Zwickau - Werk,6,10,2443,3433,50.79844,12.48235
Zwickau - Kunden Service Center,9,3,6533,9296,50.7471,12.47924
Zwickau - Schubertstraße,5,2,5,500,50.7436696,12.47948175
BrÃ¼ssel - Werk,7,1,0,500,50.80878,4.31249
Erps-Kwerps (Kortenberg) - D`ieteren,10,4,0,500,50.89092,4.56352
Seneffe - CAT,10,2,0,500,50.5142356,4.2568462
"TSCHECHIEN, BENET, CEJETICKY",4,3,0,500,50.2284306,14.8757386
Prag,2,6,0,500,50.0874654,14.4212535
Kurivody Wasso,2,10,0,500,50.58556,14.80431
Mlada Kosmonosy,1,6,0,500,50.4389828,14.9305091
LITRA MNICHOVO HRADISTE WLTP,2,1,0,500,50.5229864,14.9741022
LYSA NAD LABEM WLTP,5,10,0,500,50.2016983,14.832757
Kolin,5,1,0,500,50.0288894,15.2011571
Hradec,2,4,0,500,49.7072278,15.2954608
Preymesser Lipovka,4,7,0,500,50.4309967,15.3816192155393
Prerov,9,8,0,500,49.4553775,17.4508621
Chrast,4,6,0,500,49.9018929,15.9340257
BOROHRADEK WLTP,4,9,0,500,50.0978039,16.0932512
Nehvizdy,7,3,0,500,50.1306367,14.7299126
Kvasiny - Werk,7,2,0,500,50.21253,16.26413
Mlada Boleslav - Werk,4,10,0,500,50.42202,14.91579
"SPANIEN, HAFEN SANTANDER",10,1,0,500,43.4620412,-3.8099719
Barcelona - Autoterminal,7,2,0,500,41.37015,2.17524
Barcelona - Setram,9,6,0,500,41.41168,2.18813
El Prat de Llobregat - Tradisa,8,4,0,500,41.331404,2.073553
Martorell - Werk,9,2,0,500,41.47507,1.90625
Pamplona (Navarra) - Werk,2,9,0,500,42.81158,-1.71119
Santander - Berge,3,1,0,500,43.43816,-3.82474
Tarragona,1,2,0,500,41.1172364,1.2546057
Iraneta,9,6,0,500,42.9233048,-1.9455388
Avrigny - CAT,7,5,0,500,49.38974,2.57828
Ambares-et-Lagrave  - GCA,1,10,0,500,44.92631,-0.51922
Grimsby - GBA,1,5,0,500,53.5757694,-0.0864601
North Shields (Port of Tyne) - GBA,3,8,0,500,54.996237,-1.459012
Sheerness - GBA,9,7,0,500,51.3631787,0.824228108373436
GyÃ¶r (Agroker) - HÃ¶dlmayr,4,9,0,500,47.683452,17.643296
GyÃ¶r - Werk,5,8,0,500,47.70019,17.67901
"IRLAND, DUBLIN",3,7,0,500,53.3493795,-6.2605593
HAFEN VERACRUZ,1,1,0,500,19.2003429,-96.1383572
"NORWEGEN, OSLO",8,1,0,500,59.9133301,10.7389701
Poznan - Werk,8,7,0,500,52.4089571,17.0321428
Swarzedz - STS,1,8,0,500,52.39988,17.09652
Wrzesnia - Werk,5,9,0,500,52.30059,17.52056
Setubal,7,2,0,500,38.5241783,-8.8932341
Setubal,2,4,0,500,38.5241783,-8.8932341
LeixÃµes ,3,5,0,500,41.1864507,-8.6961588
Aguas de Moura - CAT,9,7,0,500,38.5852943,-8.6914619
Palmela - Werk,2,9,0,500,38.57167,-8.99751
Setubal - Autoeuropa,9,1,0,500,38.52133,-8.88851
VajnorskÃ¡,10,9,0,500,48.1866903,17.1739161
Bratislava,1,3,0,500,48.1516988,17.1093063
PEZINOK WLTP,2,3,0,500,48.2854539,17.270194
Bratislava - Werk,8,4,0,500,48.2252,16.99152
Bratislava - Lagermax,2,10,0,500,48.21971,17.18321
Trnava - Gefco,10,9,0,500,48.36182,17.62254
Koper - BLG,8,4,0,500,45.54491135,13.744025266773
DURBAN,9,6,0,500,-29.861825,31.009909
GQEBERHA (EHEMALS PORT ELIZABE,2,3,0,500,-33.9618359,25.6186512
"OESTERREICH, DIPLOMATEN",5,4,0,500,47.522617,14.143702
Strasswalchen - Lagermax,9,1,0,500,47.98514,13.2524
Wiener Neustadt - HÃ¶dlmayr,6,4,0,500,47.79864,16.22249
Lupfig - AMAG,10,10,0,500,47.44898,8.21115
Jenec - HÃ¶dlmayr,1,1,0,500,50.09375,14.21276
"SPAIN, HUB",5,5,0,500,41.3924382,2.1655498
Lagermax Lagerplatz Luka ,3,10,0,500,43.5146404,16.6081032
BudaÃ¶rs - Lagermax,10,5,0,500,47.44662,18.97077
Verona - Bertani,1,8,0,500,45.41978,10.93306
Leusden - Pon Logistics,7,2,0,500,52.12079,5.41336
Azambuja - SIVA,9,3,0,500,39.04962,-8.91558
Vamdrup - Dansk Auto Logik,9,10,0,500,55.43712,9.31196
Bassens - CAT,2,8,0,500,44.9053278,-0.5221276
Seoul - Volkswagen Group Korea,6,10,0,500,37.52575355,127.052321725338
Batilly - CAT,4,2,0,500,49.18159,5.99438
Corbas (Lyon) - TEA,1,2,0,500,45.68642,4.91447
Creutzwald - Tramosa,3,4,0,500,49.18529,6.6872
Arena Po - Bertani,1,2,0,500,45.08488,9.38801
Piadena - Altmann,1,4,0,500,45.12519,10.36434
Rotterdam - C.RO Ports,1,8,0,500,51.8926688,4.2584833
"MAROKKO, CASABLANCA",6,9,0,500,33.5945144,-7.6200284
Escaldes-Engordany,6,2,0,500,42.5127196,1.5353805
"AUSTRALIEN, BRISBANE",10,2,0,500,-27.4689682,153.0234991
"AUSTRALIEN, SYDNEY",1,2,0,500,-33.8698439,151.2082848
Schwertberg - HÃ¶dlmayr,9,2,0,500,48.26338,14.5773
Barcelona-Diana,3,8,0,500,41.403614,2.153082
Valencia-Diana,10,3,0,500,39.464773,-0.363258
Madrid-Diana,10,8,0,500,40.41831,-3.70275
Vebta de Banos-Diana,10,4,0,500,41.921322,-4.493216
Calaf,2,6,0,500,41.7323852,1.5150275
Llagosta,10,1,0,500,41.5139877,2.1912073
Roda-Diana,6,4,0,500,41.982193,2.308657
Vigo - Flota Suardiaz,7,3,0,500,42.22963,-8.75343
Poznan - Volkswagen Group Polska,5,3,0,500,52.41239,16.97531
"CANADA, HALIFAX, NS (PORSCHE)",4,4,0,500,58.341159,-112.530919
Forbach - CAT (Egerland France),7,3,0,500,49.18014,6.877
JAPAN AUDI NIPPON KK,5,8,0,500,36.5748441,139.2394179
JAPAN; PORSCHE,2,1,0,500,36.5748441,139.2394179
JAPAN; VW GROUP JAPAN KK,8,4,0,500,36.660927,139.154461
"MEXIKO, PUEBLA (VW DE MEXICO S",5,4,0,500,19.497059,-98.469485
Curtici - Lagermax,6,2,0,500,46.33131,21.30015
"TAIWAN, NEW TAIPEI CITY",10,7,0,500,25.011997,121.4656619
"TAIWAN, KEELUNG",2,8,0,500,25.1317232,121.744652
"USA, BENICIA",9,1,0,500,38.049365,-122.1585777
"USA, HOUSTON (PORSCHE)",3,4,0,500,29.7589382,-95.3676974
"USA, JACKSONVILLE (PORSCHE)",8,5,0,500,30.3321838,-81.655651
"USA, DAVISVILLE (PORSCHE)",9,8,0,500,37.8078237,-91.1851368
"USA, SAN DIEGO",9,10,0,500,32.7174202,-117.1627728
"USA, BALTIMORE",9,5,0,500,39.2908816,-76.610759
"USA, OMSC (AUSLIEFERUNG UEBER",7,9,0,500,39.7837304,-100.445882
"USA, SAN BERNARDINO, CA (WESTE",2,10,0,500,34.1081621,-117.28946
"KASACHSTAN, ALMATY",10,2,0,500,43.2363924,76.9457275
"TUERKEI, DERINCE",5,6,0,500,40.757461,29.8307537
"TUERKEI, EFESAN (AUDI)",10,10,0,500,37.0276907,27.3787643
"AUSTRALIEN, MELBOURNE",3,5,0,500,-37.8142454,144.9631732
"CHINA, GUANGZHOU",5,1,0,500,23.1301964,113.2592945
"CHINA, TIANJIN",9,2,0,500,39.1175488,117.1913008
"CHINA, SHANGHAI",10,4,0,500,31.2323437,121.4691024
"CHINA, GUANGZHOU HUANGPU",4,7,0,500,23.11883,113.38247
"CHINA, SHANGHAI",2,8,0,500,31.2323437,121.4691024
"CHINA, TIANJIN PORT",6,5,0,500,39.1175488,117.1913008
"GUATEMALA, SANTO TOMAS DE CAST",10,8,0,500,15.6866305,-88.6118496
"NEUKALEDONIEN, NOUMEA",4,10,0,500,-22.27631,166.4572
"PANAMA, MANZANILLO",6,2,0,500,8.72491,-80.338454
Hanko - Transfennica,4,2,0,500,59.83873,22.93521
"ARUBA, ORANJESTAD",4,7,0,500,12.52398,-70.02703
JEBEL ALI,5,5,0,500,24.9931,55.07
"V.A.E., DUBAI",2,1,0,500,25.2653471,55.2924914
"V.A.E., ABU DHABI",8,6,0,500,24.4538352,54.3774014
"ARGENTINIEN, HAFEN ZARATE",8,10,0,500,-34.0954713,-59.0245097
"AUSTRALIEN, FREMANTLE",7,6,0,500,-32.037005,115.768451
BAHRAIN,3,3,0,500,26.0845,50.550672
BAHRAIN,9,8,0,500,26.0845,50.550672
BOLIVIEN,1,6,0,500,-16.640652,-64.661928
"BRUNEI DARUSSALAM, MUARA",3,5,0,500,5.0262617,115.0702263
CHILE,10,6,0,500,-31.7613365,-71.3187697
"XINSHA, CHINA",2,7,0,500,31.5840999,102.0692231
"KOLUMBIEN, CARTAGENA",3,10,0,500,10.4266746,-75.5443419
"CURACAO, WILLEMSTAD",6,9,0,500,12.107031,-68.929252
"KAIMANINSELN, GEORGETOWN, HAFE",1,8,0,500,19.2953549,-81.3807776
"KAIMANINSELN, GEORGETOWN (GRAN",9,7,0,500,19.32281,-81.2487
"DOMINIKANISCHE REPUBLIK, SANTO",7,1,0,500,46.1160556,8.291248
DOM.REPUBLIK;SEAT AROSA/ALHAMB,7,5,0,500,46.1160556,8.291248
"POINT A PITRE, GUADELOUPE",3,3,0,500,16.2408636,-61.5334077
"GUADELOUPE, POINTE-A-PITRE",3,5,0,500,16.2408636,-61.5334077
SANTO TOMAS DE CASTILLA HAFEN,2,9,0,500,15.6866305,-88.6118496
"FRANZOESISCH-GUAYANA, CAYENNE",5,4,0,500,4.9371143,-52.3258307
HONGKONG; HONGKONG PORT,9,3,0,500,22.381131,114.135572
HONGKONG,9,7,0,500,22.381131,114.135572
"INDONESIEN, JAKARTA",4,4,0,500,-6.175247,106.8270488
Mumbai - Hafen,9,1,0,500,19.0308262,73.0198537
"INDIEN, MUMBAI (BOMBAY)",5,2,0,500,18.9733536,72.8281049191737
"IRAK, ERBIL (ARBIL)",9,10,0,500,36.1911653,44.0094294
"JAMAIKA, KINGSTON",1,3,0,500,17.9712148,-76.7928128
AQABA,5,10,0,500,29.5266483,35.0075433
"JORDANIEN, AQABA",6,7,0,500,31.964145,35.902573
"KENIA, MOMBASA",9,2,0,500,-4.05052,39.667169
Pyeongtaek - Ro Ro / Car Terminal,5,6,0,500,37.3169005,126.8220934
KUWAIT,9,6,0,500,29.1863,48.075522
"KUWAIT, KUWAIT",1,5,0,500,29.38992115,48.0032865265623
ST. LUCIA,3,5,0,500,13.896235,-60.974929
"MADAGASKAR, TAMATAVE",8,4,0,500,-18.1553985,49.4098352
"MOSAMBIK, MAPUTO",2,8,0,500,-25.966213,32.56745
"MARTINIQUE, FORT DE FRANCE",7,7,0,500,14.6027962,-61.0676724
MARTINIQUE,3,6,0,500,14.6113732,-60.9620777
"MAURITIUS, PORT LOUIS",5,3,0,500,-20.1624522,57.5028044
"MAURITIUS, PORT LOUIS",3,8,0,500,-20.1624522,57.5028044
"MALAYSIA, PORT KELANG (PORT KL",10,3,0,500,3.0027625,101.3966735
"MALAYSIA, SHAH ALAM",8,2,0,500,3.0733644,101.5195149
"MALAYSIA, PORT KELANG (PORSCHE",10,9,0,500,3.0027625,101.3966735
"MALAYSIA, KUALA LUMPUR",8,3,0,500,3.1516964,101.6942371
NEW CALEDONIA; NOUMEA PORT,4,8,0,500,-22.27631,166.4572
NORWEGEN; HAFEN OSLO,5,10,0,500,59.9133301,10.7389701
"NORWEGEN, DRAMMEN (PORSCHE)",2,6,0,500,59.6964936,10.1756419500127
NEW ZEALAND; AUCKLAND PORT,7,3,0,500,-36.852095,174.7631803
"NEUSEELAND, AUCKLAND (PORSCHE)",7,5,0,500,-36.852095,174.7631803
"NEUSEELAND, AUCKLAND",6,6,0,500,-36.852095,174.7631803
"OMAN, RUWI-MUSCAT",4,5,0,500,23.5995525,58.550656
SUHAR,8,2,0,500,24.3445577,56.7424766
"MANZANILLO, PANAMA",3,9,0,500,8.72491,-80.338454
PERU,6,6,0,500,-15.89767,-72.46938
"PHILIPPINEN, MANILA",1,3,0,500,14.5906346,120.9799964
"KATAR, DOHA",9,5,0,500,25.2856329,51.5264162
Le Port,2,5,0,500,-20.93482,55.3133
"REUNION, SAINTE CLOTILDE",10,6,0,500,-21.1309332,55.5265771
REUNION; SEAT,4,10,0,500,-21.1309332,55.5265771
"SAUDI-ARABIEN, JEDDAH",2,3,0,500,21.5810088,39.1653612
"SAUDI-ARABIEN, JEDDAH PORT",2,9,0,500,21.5810088,39.1653612
"SAUDI-ARABIEN, DSCHIDDA",8,1,0,500,21.5810088,39.1653612
SINGAPORE,8,8,0,500,1.357107,103.8194992
SINGAPUR,10,8,0,500,1.357107,103.8194992
"EL SALVADOR, ACAJUTLA",10,4,0,500,13.5897967,-89.8297601
"ST. MARTIN (NLD), PHILIPSBURG,",7,4,0,500,18.026,-63.04582
"ST. MARTIN (NLD), PHILIPSBURG",3,6,0,500,18.026,-63.04582
"THAILAND, LAEM CHABANG",4,4,0,500,13.0883664,100.9180778
"TRINIDAD & TOBAGO, PORT OF SPA",9,3,0,500,10.6572678,-61.5180173
"TANSANIA, DARESSALAM",10,7,0,500,-6.8160837,39.2803583
"TANSANIA, DARESSALAM",2,7,0,500,-6.8160837,39.2803583
"VIETNAM, HO CHI MINH CITY",1,2,0,500,10.7763897,106.7011391
SÃœDAFRIKA SKD KENIA,7,2,0,500,-29.708985,23.666291
SÃœDAFRIKA SKD RWANDA,10,1,0,500,-29.708985,23.666291
"ESTLAND, PALDISKI",3,8,0,500,59.349089,24.0801736
"ESTLAND, PALDISKI LOUNASADAM",7,7,0,500,59.349089,24.0801736
HAMLSTADT (PORT),10,1,0,500,56.6739826,12.8574827
"SCHWEDEN, SOEDERTAELJE",1,8,0,500,59.1964289,17.6271663
"TUERKEI, HAFEN EFESAN, DILOVAS",6,3,0,500,40.7756061,29.5260959
Hall in Tirol - GebrÃ¼der Weiss,2,8,0,500,47.27467,11.4745
"GRIECHENLAND, PIRAEUS",1,5,0,500,37.9431594,23.6470593
Howald - Losch,8,4,0,500,49.57698,6.13016
Vlissingen - Kloosterboer,6,3,0,500,51.47588,3.70995
Eriwan - Slav Motors,5,8,0,500,4.536307,-75.6723751
"ASERBAIDSCHAN, BAKU",2,10,0,500,40.3755885,49.8328009
Antwerpen - ICO,8,3,0,500,51.26818,4.22741
ZeebrÃ¼gge - WWL,7,3,0,500,51.31563,3.23388
ZeebrÃ¼gge - ICO Northern Inlet,9,10,0,500,51.3288072,3.21775198675609
Sarajevo - ASA SPED,1,7,0,500,43.87625,18.30659
Minsk - Atlant-M (Volkswagen),5,4,0,500,53.88127,27.43272
Minsk - Autohaus AV (Audi),4,6,0,500,53.84332,27.54289
"COTE D`IVOIRE, ABIDJAN",7,2,0,500,5.320357,-4.016107
"ZYPERN-SUED, NICOSIA",6,5,0,500,35.1746503,33.3638783
"ZYPERN-NORD, LEFKOSA",2,6,0,500,35.08302875,33.9019026886703
Ringsted - Dansk Auto Logik,4,9,0,500,55.43573,11.81151
"ECUADOR, QUITO",8,4,0,500,-0.2201641,-78.5123274
"AEGYPTEN, ALEXANDRIA",4,9,0,500,31.1991806,29.8951716
"FINNLAND, HELSINKI",4,10,0,500,60.1674881,24.9427473
Lauterbourg - Walon France,2,3,0,500,48.96319,8.18347
"FRANCE, LE MANS",3,7,0,500,48.0073849,0.1967849
"GABUN, LIBREVILLE",1,2,0,500,0.4086518,9.4418849
"GEORGIEN, TIFLIS",2,4,0,500,41.6934591,44.8014495
Tuzser - Vakert,7,2,0,500,48.33851,22.13468
"ISLAND, REYKJAVIK",6,2,0,500,64.136637,-21.876262
ISRAEL,4,3,0,500,32.6307267,35.3488686
"LIBANON, BEIRUT",10,8,0,500,33.8959203,35.47843
Riga - Kurbads,8,4,0,500,56.939,24.19093
Rotterdam - Broekman,7,2,0,500,51.89056,4.2379
"SENEGAL, DAKAR",2,8,0,500,14.693425,-17.447938
"TUNESIEN, TUNIS CEDEX",3,3,0,500,36.8002068,10.1857757
Uzhhorod (Solomonovo) - Eurocar,3,5,0,500,48.61824,22.28939
"ASERBAIDSCHAN, BAKU (BENTLEY)",2,3,0,500,40.3755885,49.8328009
"ECUADOR, MANTA",2,5,0,500,-0.9482874,-80.7197902
"SPANIEN, ARAIA",8,4,0,500,41.8261552,-1.2440052
VW NAVARRA; EIGENBEDARF,4,8,0,500,42.8181992,-1.6440089
Ciempozuelos - Berge Gefco,7,2,0,500,40.16505,-3.62645
"SPAIN, CAR POOL",4,3,0,500,41.3828939,2.1774322
"SPAIN, SIN DESTINO",5,8,0,500,40.091214,-3.459133
"SPANIEN, PAMPLONA",7,2,0,500,42.8181992,-1.6440089
"FIDSCHI, SUVA",8,5,0,500,-18.1415884,178.4421662
Rivesaltes - Walon France,2,4,0,500,42.79603,2.88144
"IRLAND, HAFEN DUBLIN",8,4,0,500,53.3493795,-6.2605593
SAVONA MARITTIMA,10,10,0,500,44.3080251,8.4810315
TOYOHASHI PORT,10,8,0,500,34.769123,137.391461
TOYOHASHI PORT BENTLEY,3,9,0,500,34.769123,137.391461
"PUERTO RICO, SAN JUAN (PORSCHE",2,2,0,500,18.46633,-66.10572
"TUERKEI, HAFEN DERINCE",2,4,0,500,40.757461,29.8307537
"TAIWAN, NEW TAIPEI CITY (TAIPE",9,1,0,500,25.0375198,121.5636796
"UKRAINE, KYIV (BENTLEY)",1,2,0,500,50.4500336,30.5241361
"RUSSLAND, KALUGA",6,6,0,500,54.5101087,36.2598115
"RUSSLAND, ST. PETERSBURG",7,7,0,500,59.938732,30.316229
"SPAIN, CANARIAS",7,8,0,500,27.856546,-15.403732
"SPANIEN, KANAR. INSELN, TENERI",7,8,0,500,28.2935785,-16.6214471211441
GUADELOUPE; SEAT,3,9,0,500,16.0000778,-61.7333373
"GRIECHENLAND, ATHEN; SEAT",6,6,0,500,37.9755648,23.7348324
MARTINIQUE; SEAT,8,2,0,500,14.6113732,-60.9620777
Chisinau - Rumeon,7,10,0,500,47.0242,28.83184
Ashgabat - Skoda,1,1,0,500,37.95033,58.39012
SURINAME; VW,5,1,0,500,37.9110723,40.2366499
Antwerpen - Euroterminal (Ford),4,5,0,500,51.30127,4.25071
"BRASILIEN, SUAPE",5,8,0,500,-8.3539067,-34.9567358
"ALBANIEN, DURRES",2,6,0,500,41.313255,19.4462348
"ARGENTINIEN, BUENOS AIRES",10,9,0,500,-34.6075682,-58.4370894
"BANGLADESCH, CHITTAGONG",10,8,0,500,22.333778,91.8344348
"BRASILIEN, VITORIA",7,1,0,500,-20.3200917,-40.3376682
VITORIA HAFEN,3,5,0,500,-20.3200917,-40.3376682
TEMA,2,7,0,500,5.6596441,-0.0096592
"NEPAL, MORANG",3,3,0,500,26.6686397,87.3851784
"PAKISTAN, KARACHI",9,5,0,500,24.8546842,67.0207055
PARAGUAY,3,4,0,500,-25.2800459,-57.6343814
"URUGUAY, HAFEN MONTEVIDEO",2,6,0,500,-34.9058916,-56.1913095
"URUGUAY, MONTEVIDEO",5,9,0,500,-34.9058916,-56.1913095
"COSTA RICA, PUERTO LIMON",4,4,0,500,9.9963486,-83.0551808
Tarnos - Walon France,6,6,0,500,43.53452,-1.49842
Taschkent - Jizzakh,5,4,0,500,41.3653842,69.2860659
HELSINKI,2,7,0,500,60.1674881,24.9427473
"HAFEN LIPAJA, LETTLAND",6,2,0,500,56.5048435,21.0070903
Tirana - Porsche Albania,2,4,0,500,41.350945,19.757962
"BULGARIEN, SOFIA; AUTOTECHNICA",5,1,0,500,42.6977028,23.3217359
Prag - Importeur,2,5,0,500,50.0481755,14.3581273
Belgrad - Autocacak,9,8,0,500,44.8112,20.4127
JEBEL ALI,4,4,0,500,24.9931,55.07
Altishofen - Galliker (Porsche),10,9,0,500,47.20052,7.973
"CHINA, CHONGQING",9,8,0,500,29.5656729,106.5479189
"DOMINIKANISCHE REPUBLIK, RIO H",7,2,0,500,46.1160556,8.291248
ASHDOD (PORSCHE),10,10,0,500,31.7977314,34.6529922
Castiglione - Bertani,2,10,0,500,45.39213,10.47823
MALTA; MARSAXLOKK,7,1,0,500,35.8417662,14.5448353
Villers-Cotterets - CAT,6,10,0,500,49.24403,3.09662
CHINA VR; FAW; CKD/SKD (AUDI +,5,3,0,500,32.529746,106.804852
CHINA VR; SVW SHANGHAI VW AUTO,1,9,0,500,31.2323437,121.4691024
Palau - Sese,1,5,0,500,41.57948,2.17818
Wavrin - CAT,3,1,0,500,50.55636,2.93585
"UNGARN, BUDAOERS",7,4,0,500,47.4600185,18.9541818
"VW DE MEXIKO ""DIREKTVERKAEUFE""",9,5,0,500,19.4839446,-99.6899716
"AUTOEUROPA, TEST VEHICLES",9,10,0,500,41.1494512,-8.6107884
OCCUPIED PALESTINIAN TERRITORY,10,2,0,500,32.132392,35.262925
"SLOWAKEI, INLANDSPRODUKTION",2,3,0,500,48.752408,19.201811
"USA, CHATTANOOGA, TN",5,10,0,500,35.0457219,-85.3094883
"CHINA, CHENGDU (BAHN)",1,5,0,500,30.6598628,104.0633717
"SPAIN, RACS",6,2,0,500,40.091214,-3.459133
