MasterCode,City,LoadCapacity,UnloadCapacity,Stock,Capacity,latitude,longitude
DEU010   B,POOL / RESERVE,3,5,2,2222,51.510094,10.248004
DEU0111  B,GEBRAUCHTWAGEN POOL (FZG OHNE,9,6,5,22834,51.3324092,10.5288108
DEU07024 L,ALIGSE F. DIREKTGESCH. ENTERPR,9,9,0,2000,52.3749334,9.9748557
DEU110071L,Wolfsburg Autostadt,9,8,484,2222,52.423458,10.759152
DEU1120  L,WOLFSBURG AUTO 5000,3,3,2,0,52.4205588,10.7861682
DEU1162  L,"NACHRUESTUNG PROD. WOB, LACK I",2,8,0,3000,52.423458,10.759152
DEU1206  L,FLUGHAFEN HANNOVER,4,9,9,327,52.3744779,9.7385532
DEU1299  L,SONSTIGE/DIVERSE AUSRüSTER AB,7,1,-131,296,52.0794912,11.6350821
DEU1401  L,Kassel,2,8,1,6,51.3154546,9.4924096
DEU1420  L,Kassel,7,5,1,2222,51.3154546,9.4924096
DEU1504  L,Dodendorf,3,1,0,5000,52.0394254,11.6131033
DEU1543  L,Gößnitz,10,5,-2,1500,50.889108,12.431532
DEU1544  L,Calden,1,3,-2,500,51.3965572,9.3642196
DEU1702  L,SALZGITTER VERMIETER-FZ ZB 81-,4,10,0,0,52.1503721,10.3593147
DEU2120  L,Nürnberg,10,7,1,0,49.453872,11.077298
DEU2181  L,Ingolstadt,9,3,2,0,48.7630165,11.4250395
DEU21K01 L,Neuburg Bertrandt,2,1,208,2222,48.98960345,8.22454233596518
DEU21P05 L,Faulbach,8,10,650,2222,49.7847518,9.4410898
DEU21P20 L,Neckarsulm-Waldenburg,9,2,3,2222,49.197779,9.225185
DEU21W46 L,Schweinfurt - Schlamminger,5,10,8,17,50.043218546,10.156244366
DEU2272  L,FRANKFURT GRIESHEIM,1,10,0,0,50.0942339,8.6058328
DEU22P10 L,Hemau,7,8,668,2222,49.0517889,11.7824249
DEU22P46 L,Ingolstadt-Probfeld/Karlskorn,2,7,407,2222,48.704139,11.435272
DEU22P69 L,Schwandorf,7,10,-36,366,49.3261854,12.1092708
DEU240   B,ZBH ALIGSE,10,6,2,2000,52.3749334,9.9748557
DEU340   B,ZBH HESSISCH-LICHTENAU,2,6,7,8,51.1927404,9.7517183
DEU3799  L,Dodendorf,6,1,1,5000,52.0394254,11.6131033
DEU520   N,NAHBEREICH EMDEN,6,5,159,420,53.3670541,7.2058304
DEU530   N,RESERVIERT FUER AUSRUESTER-DIR,8,7,0,3000,53.3670541,7.2058304
DEU620   B,ZBH FRANKFURT-GRIESHEIM,3,1,6,8,50.0914289,8.6078631
DEU620   N,VOLKSWAGEN LOGISTICS,3,7,0,3000,53.3670541,7.2058304
DEU68024 L,ALIGSE F. DIREKTGESCH. EUROPA,5,5,0,2000,52.3749334,9.9748557
DEU700Y  H,Hamburg ,8,9,-535,2000,53.550341,10.000654
DEU7071  H,Lübeck ,3,10,168,3500,53.866444,10.684738
DEU70DUE L,"DUEREN, DC KONSOLIDIERUNGSPL.",4,5,0,0,50.8031684,6.4820806
DEU780   B,VOLKSWAGEN LOGISTICS,3,8,1411,2500,50.8199031,12.5397873
DEU78055 L,GLAUCHAU F. DIREKTGESCH. AVIS,9,5,0,2500,50.8199031,12.5397873
DEU790   B,Behörden und Sondertransporte Volkswagen Werk Wolfsburg,10,8,159,314,52.4205588,10.7861682
DEU81024 L,ALIGSE FUER EUROPCAR,2,2,0,2000,52.3749334,9.9748557
DEU83024 L,ALIGSE F. DIREKTGESCH. SIXT,7,4,0,2000,52.3749334,9.9748557
DEU850   B,"AUTOVERMIETER AVIS, ETZIN",7,2,12152,13368,52.5191107,12.855098
DEU85016 L,ETZIN F. DIREKTGESCH. AVIS,6,2,0,0,52.5191107,12.855098
DEUBIE001,Biebesheim - Frankenbach,3,6,573,500,49.78732,8.47404
DEUBRE001,Bremen - CAT,8,4,0,0,53.1757552,8.59007454520526
DEUBRE002,Bremen - BLG,9,5,0,0,53.09771065,8.71136637994325
DEUBRV001,Bremerhaven - BLG,5,5,8561,22254,53.57832,8.57301
DEUBRV002,Bremerhaven (Autotor Nord) - BLG,2,3,-1751,2191,53.5857143,8.5521556
DEUBTL001,Baunatal (Kassel) - Werk,4,5,136,2528,51.26065,9.436
DEUCAN001,Calden - DP Trading,3,3,1289,1971,51.40303,9.37583
DEUCUX001,Cuxhaven - Cuxport,10,9,40,3000,53.86237085,8.72052989999999
DEUCUX002,Cuxhaven - BLG,7,2,1520,3000,53.85896,8.72047
DEUDAR001,Darmstadt - R+H,8,4,1692,3200,49.8803001999999,8.62685566228991
DEUDAR002,Darmstadt - Carmago,5,8,0,0,49.895122,8.680371
DEUDD    K,"DEUTSCHLAND, EMDEN (AL MOSOLF)",6,2,0,3000,53.3670541,7.2058304
DEUDRS001,Dresden - Gläserne Manufaktur,4,2,5425,8056,51.04402,13.75303
DEUDUE001,Düren - CAT,7,8,0,0,50.7885179,6.5030575
DEUDUI001,Duisburg - BLG,1,3,1892,4014,51.40057,6.73559
DEUEGI001,St. Egidien - Volkswagen,3,1,14,2222,50.7921734,12.6198522
DEUEMD   L,ALM EMDEN,10,1,0,3000,53.3670541,7.2058304
DEUEME001,Emden - Werk,9,10,13345,11619,53.35271,7.16983
DEUEME002,Emden - Außenhafen,9,9,16953,44650,53.33672,7.17683
DEUEME003,Emden - Binnenhafen,1,3,5171,10300,53.34623,7.2088
DEUEME004,Emden - Werk Halle 10,5,10,2542,3000,53.34785,7.18213
DEUEME005,Emden - Dirks,1,8,0,3000,53.341078,7.1810426
DEUEME006,Emden - Weets,7,6,1731,1995,53.345293,7.20358438530303
DEUESS001,Essen - Helf,2,6,2710,4500,51.4988,7.02835
DEUFAB001,Wolfsburg (MLW Fallersleben) - Mosolf,6,4,1567,3157,52.42378,10.69512
DEUFLB001,Faulbach - Roos,5,5,1161,2222,49.77302,9.4626
DEUFUW001,Furth im Wald,9,7,1055,4754,49.3199,12.85
DEUGHU001,Glauchau - SAT (Mosolf),3,5,2057,6622,50.82845,12.540998
DEUGIG001,Ginsheim-Gustavsburg - Frankenbach,9,8,711,890,49.99216,8.33922
DEUGIZ001,Gößnitz - SAT (Mosolf),1,9,2034,1500,50.90203,12.43075
DEUGME001,Großmehring - Roos,9,4,0,369,48.740959,11.500039
DEUGRM001,Griesheim - Carmago,8,2,0,0,49.8702707,8.5649021
DEUHAJ001,Hannover - Werk,10,6,6676,11492,52.41971,9.65624
DEUHAJ002,Hannover - Schwarze Heide,2,3,547,2222,52.42712,9.64926
DEUHAJ003,Hannover - Camper Fertigung,7,9,21,106,52.3701789,9.6807784
DEUHAJ004,Hannover - Heritage,9,2,9,175,52.36943335,9.68551366840265
DEUHAM001,Hamburg - BLG,6,3,2235,3000,53.50578,9.94394
DEUHAM002,Hamburg - Unikai,5,10,1472,2259,53.52747,10.01193
DEUHEA001,Hodenhagen - Altmann,8,5,1,0,52.7669202,9.603723
DEUHEN001,Heilbronn (Böllinger Höfe) - Audi,6,9,86,2222,49.1800118,9.1629354
DEUHMA001,Hemau - Aichinger,4,2,2648,2222,49.0505965,11.7846326334997
DEUILG001,Illingen - Mosolf,5,6,6832,8140,48.95471,8.94191
DEUING001,Ingolstadt - Werk,2,7,2030,5314,48.78328,11.41583
DEUKAK001,Probfeld (Karlskron) - ATP,8,7,6331,2222,48.679391,11.368554
DEUKAS001,Kassel-Waldau - Formel D,4,9,609,2222,51.27942,9.50042
DEUKIP001,Kippenheim - Mosolf,8,3,6185,5884,48.32359905,7.8336753768064
DEUKT2001,Ketzin - Mosolf,9,2,550,700,52.5321339,12.8599463
DEULBC001,Lübeck - LHG Seelandkai,10,8,80,3500,53.90216,10.78164
DEULBC002,Lübeck (Travemünde) - LHG Skandinavienkai,2,1,804,3500,53.93406,10.83853
DEULDX001,Lähden - Sandmann,9,9,1,1500,52.75434415,7.57633758364152
DEULEH001,Lehrte (Aligse) - CAT,9,10,1480,2000,52.39468185,9.97465349281542
DEUMMD001,Moormerland - Akkermann,6,10,1,500,53.3107577,7.4681709
DEUMUM001,Münchsmünster - Audi,3,4,403,2477,48.7548451,11.6956584
DEUNBI001,Altenburg (Nobitz),4,3,55,1464,50.978571,12.5108442
DEUNDS001,Neuseddin - CAT,10,10,1948,2556,52.2889,13.00601
DEUNEM001,Neckarsulm - Audi Forum?,2,4,23446,48129,49.19357,9.22127
DEUNSS001,Neuss - Autoterminal Neuss,3,1,2421,4122,51.21054,6.7142
DEUNUE001,Nürnberg - Altmann,2,4,798,1460,49.4276465,11.0971937
DEUOSN001,Osnabrück - Werk,9,6,636,650,52.26406,8.08118
DEUOSN002,Osnabrück - CAT,3,5,2215,3146,52.26288,8.09121
DEUOSN003,Osnabrück - Kundencenter,10,3,1461,1605,52.2644466,8.0699502
DEUPOOL  L,DUMMY ID,2,3,0,0,50.7185043,12.4939267
DEURDN001,Rehden - BTR,8,9,12560,15000,52.624975,8.4804901
DEURDS001,Riedstadt - Altmann,6,8,1,3,49.83066,8.4834
DEUREG001,Regensburg - Altmann,10,1,10,0,49.0173809,12.1227672
DEUREG002,Schwandorf (Regensburg) - Schlamminger,8,6,40,9,49.0592631,12.1237971
DEURKW001,Rackwitz - SAT (Mosolf),1,8,16311,20344,51.44049,12.38247
DEUSAR001,Salzgitter - Werk,7,1,6887,17222,52.1803852,10.4165528
DEUSCF001,Schwandorf (Platz 3+4) - Schlamminger,3,5,-37,1487,49.3012227,12.0830175
DEUSRD001,Stralendorf - Junge,7,1,3,2222,53.57412,11.29174
DEUSTM001,Steinheim - Spier,7,6,0,35,51.83363,9.06433
DEUUCH001,Buch - AKB,10,9,0,0,48.2090658,10.2417515255181
DEUUEN001,Überherrn - Mosolf,2,2,300,2322,49.24579495,6.7082163303349
DEUULZ001,Dodendorf (Sülzetal) - BLG,9,6,1427,5700,52.04981,11.60992
DEUWBW001,Waldenburg - Audi,1,8,1331,2222,49.20065,9.66122
DEUWDR001,Klitschmar (Wiedemar) - Altmann,3,8,72,3341,51.51032545,12.2323465808735
DEUWIS001,Wismar - Seehafen Wismar GmbH,7,5,0,0,53.90861375,11.45077645
DEUWLZ001,Wolnzach - Altmann,3,10,2344,3208,48.5933679,11.629062251781
DEUWMO001,Wiesmoor - Schoon,4,8,15,2222,53.40097,7.73987
DEUWOB001 ,Wolfsburg - Werk,5,6,6556,16508,52.4354,10.79639
DEUWVN001,Wilhelmshaven - CAT,1,6,203,2222,535880157,8.1311316
DEUZET001,Neuenburg (Zetel) - Möhlmann,8,2,5913,8184,53.37219,7.951583
DEUZUE001,Zülpich - WWL,4,8,0,0,50.7082773,6.63808493331028
DEUZWI001,Zwickau - Werk,6,10,2443,3433,50.79844,12.48235
DEUZWI002,Zwickau - Kunden Service Center,9,3,6533,9296,50.7471,12.47924
DEUZWI003,Zwickau - Schubertstraße,5,2,5,500,50.7436696,12.47948175
BELBRU001,BrÃ¼ssel - Werk,7,1,0,500,50.80878,4.31249
BELESK001,Erps-Kwerps (Kortenberg) - D`ieteren,10,4,0,500,50.89092,4.56352
BELSEN001,Seneffe - CAT,10,2,0,500,50.5142356,4.2568462
CZE3137  L,"TSCHECHIEN, BENET, CEJETICKY",4,3,0,500,50.2284306,14.8757386
CZE3141  L,Prag,2,6,0,500,50.0874654,14.4212535
CZE3143  L,Kurivody Wasso,2,10,0,500,50.58556,14.80431
CZE3167  L,Mlada Kosmonosy,1,6,0,500,50.4389828,14.9305091
CZE31W59 L,LITRA MNICHOVO HRADISTE WLTP,2,1,0,500,50.5229864,14.9741022
CZE31W60 L,LYSA NAD LABEM WLTP,5,10,0,500,50.2016983,14.832757
CZE3365  L,Kolin,5,1,0,500,50.0288894,15.2011571
CZE3371  L,Hradec,2,4,0,500,49.7072278,15.2954608
CZE3377  L,Preymesser Lipovka,4,7,0,500,50.4309967,15.3816192155393
CZE3382  L,Prerov,9,8,0,500,49.4553775,17.4508621
CZE3387  L,Chrast,4,6,0,500,49.9018929,15.9340257
CZE33W58 L,BOROHRADEK WLTP,4,9,0,500,50.0978039,16.0932512
CZE350020L,Nehvizdy,7,3,0,500,50.1306367,14.7299126
CZEKVS001,Kvasiny - Werk,7,2,0,500,50.21253,16.26413
CZEMBV001,Mlada Boleslav - Werk,4,10,0,500,50.42202,14.91579
ESP7191  H,"SPANIEN, HAFEN SANTANDER",10,1,0,500,43.4620412,-3.8099719
ESPBCN001,Barcelona - Autoterminal,7,2,0,500,41.37015,2.17524
ESPBCN002,Barcelona - Setram,9,6,0,500,41.41168,2.18813
ESPEPB001,El Prat de Llobregat - Tradisa,8,4,0,500,41.331404,2.073553
ESPMTS001,Martorell - Werk,9,2,0,500,41.47507,1.90625
ESPPNA001,Pamplona (Navarra) - Werk,2,9,0,500,42.81158,-1.71119
ESPSDR001,Santander - Berge,3,1,0,500,43.43816,-3.82474
ESPTAR001,Tarragona,1,2,0,500,41.1172364,1.2546057
ESPYI    L,Iraneta,9,6,0,500,42.9233048,-1.9455388
FRAA5V001,Avrigny - CAT,7,5,0,500,49.38974,2.57828
FRAALG001,Ambares-et-Lagrave  - GCA,1,10,0,500,44.92631,-0.51922
GBRGSY001,Grimsby - GBA,1,5,0,500,53.5757694,-0.0864601
GBRNSH001,North Shields (Port of Tyne) - GBA,3,8,0,500,54.996237,-1.459012
GBRSHS001,Sheerness - GBA,9,7,0,500,51.3631787,0.824228108373436
HUN16018 L,GyÃ¶r (Agroker) - HÃ¶dlmayr,4,9,0,500,47.683452,17.643296
HUNGYO001,GyÃ¶r - Werk,5,8,0,500,47.70019,17.67901
IRLJR    K,"IRLAND, DUBLIN",3,7,0,500,53.3493795,-6.2605593
MEXVER001,HAFEN VERACRUZ,1,1,0,500,19.2003429,-96.1383572
NOROSL001,"NORWEGEN, OSLO",8,1,0,500,59.9133301,10.7389701
POLPOZ001,Poznan - Werk,8,7,0,500,52.4089571,17.0321428
POLSRZ001,Swarzedz - STS,1,8,0,500,52.39988,17.09652
POLWSN001,Wrzesnia - Werk,5,9,0,500,52.30059,17.52056
PRT4305  L,Setubal,7,2,0,500,38.5241783,-8.8932341
PRT43W0H L,Setubal,2,4,0,500,38.5241783,-8.8932341
PRT614   H,LeixÃµes ,3,5,0,500,41.1864507,-8.6961588
PRTAGM001,Aguas de Moura - CAT,9,7,0,500,38.5852943,-8.6914619
PRTPAL001,Palmela - Werk,2,9,0,500,38.57167,-8.99751
PRTSET001,Setubal - Autoeuropa,9,1,0,500,38.52133,-8.88851
SVK3737  L,VajnorskÃ¡,10,9,0,500,48.1866903,17.1739161
SVK3765  L,Bratislava,1,3,0,500,48.1516988,17.1093063
SVK37W0A L,PEZINOK WLTP,2,3,0,500,48.2854539,17.270194
SVKBTS001,Bratislava - Werk,8,4,0,500,48.2252,16.99152
SVKBTS002,Bratislava - Lagermax,2,10,0,500,48.21971,17.18321
SVKTNA001,Trnava - Gefco,10,9,0,500,48.36182,17.62254
SVNKOP001,Koper - BLG,8,4,0,500,45.54491135,13.744025266773
ZAFDUR001,DURBAN,9,6,0,500,-29.861825,31.009909
ZAFPLZ001,GQEBERHA (EHEMALS PORT ELIZABE,2,3,0,500,-33.9618359,25.6186512
AUTOZ    K,"OESTERREICH, DIPLOMATEN",5,4,0,500,47.522617,14.143702
AUTSWN001,Strasswalchen - Lagermax,9,1,0,500,47.98514,13.2524
AUTWNR001,Wiener Neustadt - HÃ¶dlmayr,6,4,0,500,47.79864,16.22249
CHELPG001,Lupfig - AMAG,10,10,0,500,47.44898,8.21115
CZEJNC001,Jenec - HÃ¶dlmayr,1,1,0,500,50.09375,14.21276
ESPEL    K,"SPAIN, HUB",5,5,0,500,41.3924382,2.1655498
HRVLUK001,Lagermax Lagerplatz Luka ,3,10,0,500,43.5146404,16.6081032
HUNBUA001,BudaÃ¶rs - Lagermax,10,5,0,500,47.44662,18.97077
ITAVRN001,Verona - Bertani,1,8,0,500,45.41978,10.93306
NLDLEU001,Leusden - Pon Logistics,7,2,0,500,52.12079,5.41336
PRTAZA001,Azambuja - SIVA,9,3,0,500,39.04962,-8.91558
DNKVDP001,Vamdrup - Dansk Auto Logik,9,10,0,500,55.43712,9.31196
FRABAS001,Bassens - CAT,2,8,0,500,44.9053278,-0.5221276
KORSEL001,Seoul - Volkswagen Group Korea,6,10,0,500,37.52575355,127.052321725338
FRABAT001,Batilly - CAT,4,2,0,500,49.18159,5.99438
FRACBA001,Corbas (Lyon) - TEA,1,2,0,500,45.68642,4.91447
FRACRD001,Creutzwald - Tramosa,3,4,0,500,49.18529,6.6872
ITAARP001,Arena Po - Bertani,1,2,0,500,45.08488,9.38801
ITAPEF001,Piadena - Altmann,1,4,0,500,45.12519,10.36434
NLDRTM001,Rotterdam - C.RO Ports,1,8,0,500,51.8926688,4.2584833
MARMK    K,"MAROKKO, CASABLANCA",6,9,0,500,33.5945144,-7.6200284
ANDESC001,Escaldes-Engordany,6,2,0,500,42.5127196,1.5353805
AUSPBN001,"AUSTRALIEN, BRISBANE",10,2,0,500,-27.4689682,153.0234991
AUSPKL001,"AUSTRALIEN, SYDNEY",1,2,0,500,-33.8698439,151.2082848
AUTSCH001,Schwertberg - HÃ¶dlmayr,9,2,0,500,48.26338,14.5773
ESP4951  L,Barcelona-Diana,3,8,0,500,41.403614,2.153082
ESP4952  L,Valencia-Diana,10,3,0,500,39.464773,-0.363258
ESP4954  L,Madrid-Diana,10,8,0,500,40.41831,-3.70275
ESP4959  L,Vebta de Banos-Diana,10,4,0,500,41.921322,-4.493216
ESP4976  L,Calaf,2,6,0,500,41.7323852,1.5150275
ESP4981  L,Llagosta,10,1,0,500,41.5139877,2.1912073
ESP4982  L,Roda-Diana,6,4,0,500,41.982193,2.308657
ESPVGO001,Vigo - Flota Suardiaz,7,3,0,500,42.22963,-8.75343
POLPOZ002,Poznan - Volkswagen Group Polska,5,3,0,500,52.41239,16.97531
CANEPG001,"CANADA, HALIFAX, NS (PORSCHE)",4,4,0,500,58.341159,-112.530919
FRAFOR001,Forbach - CAT (Egerland France),7,3,0,500,49.18014,6.877
JPNJY    K,JAPAN AUDI NIPPON KK,5,8,0,500,36.5748441,139.2394179
JPNJYN   K,JAPAN; PORSCHE,2,1,0,500,36.5748441,139.2394179
JPNJZ    K,JAPAN; VW GROUP JAPAN KK,8,4,0,500,36.660927,139.154461
MEXME    K,"MEXIKO, PUEBLA (VW DE MEXICO S",5,4,0,500,19.497059,-98.469485
ROUCUT001,Curtici - Lagermax,6,2,0,500,46.33131,21.30015
TWNNT    K,"TAIWAN, NEW TAIPEI CITY",10,7,0,500,25.011997,121.4656619
TWNTV    K,"TAIWAN, KEELUNG",2,8,0,500,25.1317232,121.744652
USABNC001,"USA, BENICIA",9,1,0,500,38.049365,-122.1585777
USAHOU001,"USA, HOUSTON (PORSCHE)",3,4,0,500,29.7589382,-95.3676974
USAJAX001,"USA, JACKSONVILLE (PORSCHE)",8,5,0,500,30.3321838,-81.655651
USANKT001,"USA, DAVISVILLE (PORSCHE)",9,8,0,500,37.8078237,-91.1851368
USANLN001,"USA, SAN DIEGO",9,10,0,500,32.7174202,-117.1627728
USAPPO001,"USA, BALTIMORE",9,5,0,500,39.2908816,-76.610759
USAUE    K,"USA, OMSC (AUSLIEFERUNG UEBER",7,9,0,500,39.7837304,-100.445882
USAUF    K,"USA, SAN BERNARDINO, CA (WESTE",2,10,0,500,34.1081621,-117.28946
KAZHE    K,"KASACHSTAN, ALMATY",10,2,0,500,43.2363924,76.9457275
TURTK    K,"TUERKEI, DERINCE",5,6,0,500,40.757461,29.8307537
TURTP    K,"TUERKEI, EFESAN (AUDI)",10,10,0,500,37.0276907,27.3787643
AUSPOR001,"AUSTRALIEN, MELBOURNE",3,5,0,500,-37.8142454,144.9631732
CHNCAN   H,"CHINA, GUANGZHOU",5,1,0,500,23.1301964,113.2592945
CHNLC    K,"CHINA, TIANJIN",9,2,0,500,39.1175488,117.1913008
CHNLD    K,"CHINA, SHANGHAI",10,4,0,500,31.2323437,121.4691024
CHNLF    K,"CHINA, GUANGZHOU HUANGPU",4,7,0,500,23.11883,113.38247
CHNSHA   H,"CHINA, SHANGHAI",2,8,0,500,31.2323437,121.4691024
CHNTJP   H,"CHINA, TIANJIN PORT",6,5,0,500,39.1175488,117.1913008
GTMKA    K,"GUATEMALA, SANTO TOMAS DE CAST",10,8,0,500,15.6866305,-88.6118496
NCLNK    K,"NEUKALEDONIEN, NOUMEA",4,10,0,500,-22.27631,166.4572
PANZD    K,"PANAMA, MANZANILLO",6,2,0,500,8.72491,-80.338454
FINHKO001,Hanko - Transfennica,4,2,0,500,59.83873,22.93521
ABWWB    K,"ARUBA, ORANJESTAD",4,7,0,500,12.52398,-70.02703
ARE4220  H,JEBEL ALI,5,5,0,500,24.9931,55.07
AREDU    K,"V.A.E., DUBAI",2,1,0,500,25.2653471,55.2924914
AREVA    K,"V.A.E., ABU DHABI",8,6,0,500,24.4538352,54.3774014
ARGZAE001,"ARGENTINIEN, HAFEN ZARATE",8,10,0,500,-34.0954713,-59.0245097
AUSFRE001,"AUSTRALIEN, FREMANTLE",7,6,0,500,-32.037005,115.768451
BHR4120  H,BAHRAIN,3,3,0,500,26.0845,50.550672
BHRBH    K,BAHRAIN,9,8,0,500,26.0845,50.550672
BOLBO    K,BOLIVIEN,1,6,0,500,-16.640652,-64.661928
BRNYT    K,"BRUNEI DARUSSALAM, MUARA",3,5,0,500,5.0262617,115.0702263
CHLEH    K,CHILE,10,6,0,500,-31.7613365,-71.3187697
CHNXNA   H,"XINSHA, CHINA",2,7,0,500,31.5840999,102.0692231
COLKC    K,"KOLUMBIEN, CARTAGENA",3,10,0,500,10.4266746,-75.5443419
CUWWG    K,"CURACAO, WILLEMSTAD",6,9,0,500,12.107031,-68.929252
CYMGEC   H,"KAIMANINSELN, GEORGETOWN, HAFE",1,8,0,500,19.2953549,-81.3807776
CYMWM    K,"KAIMANINSELN, GEORGETOWN (GRAN",9,7,0,500,19.32281,-81.2487
DOMJA    K,"DOMINIKANISCHE REPUBLIK, SANTO",7,1,0,500,46.1160556,8.291248
DOMLX    K,DOM.REPUBLIK;SEAT AROSA/ALHAMB,7,5,0,500,46.1160556,8.291248
GLPPAP   H,"POINT A PITRE, GUADELOUPE",3,3,0,500,16.2408636,-61.5334077
GLPWO    K,"GUADELOUPE, POINTE-A-PITRE",3,5,0,500,16.2408636,-61.5334077
GTMSTC   H,SANTO TOMAS DE CASTILLA HAFEN,2,9,0,500,15.6866305,-88.6118496
GUFWR    K,"FRANZOESISCH-GUAYANA, CAYENNE",5,4,0,500,4.9371143,-52.3258307
HKG4690  H,HONGKONG; HONGKONG PORT,9,3,0,500,22.381131,114.135572
HKGVF    K,HONGKONG,9,7,0,500,22.381131,114.135572
IDNJC    K,"INDONESIEN, JAKARTA",4,4,0,500,-6.175247,106.8270488
INDBOM001,Mumbai - Hafen,9,1,0,500,19.0308262,73.0198537
INDJJ    K,"INDIEN, MUMBAI (BOMBAY)",5,2,0,500,18.9733536,72.8281049191737
IRQJP    K,"IRAK, ERBIL (ARBIL)",9,10,0,500,36.1911653,44.0094294
JAMQX    K,"JAMAIKA, KINGSTON",1,3,0,500,17.9712148,-76.7928128
JOR4500  H,AQABA,5,10,0,500,29.5266483,35.0075433
JORJO    K,"JORDANIEN, AQABA",6,7,0,500,31.964145,35.902573
KENKE    K,"KENIA, MOMBASA",9,2,0,500,-4.05052,39.667169
KORPTK001,Pyeongtaek - Ro Ro / Car Terminal,5,6,0,500,37.3169005,126.8220934
KWT4050  H,KUWAIT,9,6,0,500,29.1863,48.075522
KWTKR    K,"KUWAIT, KUWAIT",1,5,0,500,29.38992115,48.0032865265623
LCAZH    K,ST. LUCIA,3,5,0,500,13.896235,-60.974929
MDGMD    K,"MADAGASKAR, TAMATAVE",8,4,0,500,-18.1553985,49.4098352
MOZMO    K,"MOSAMBIK, MAPUTO",2,8,0,500,-25.966213,32.56745
MTQFDF   H,"MARTINIQUE, FORT DE FRANCE",7,7,0,500,14.6027962,-61.0676724
MTQWY    K,MARTINIQUE,3,6,0,500,14.6113732,-60.9620777
MUSMT    K,"MAURITIUS, PORT LOUIS",5,3,0,500,-20.1624522,57.5028044
MUSPLU   H,"MAURITIUS, PORT LOUIS",3,8,0,500,-20.1624522,57.5028044
MYS4990  H,"MALAYSIA, PORT KELANG (PORT KL",10,3,0,500,3.0027625,101.3966735
MYSMC    K,"MALAYSIA, SHAH ALAM",8,2,0,500,3.0733644,101.5195149
MYSPKG   K,"MALAYSIA, PORT KELANG (PORSCHE",10,9,0,500,3.0027625,101.3966735
MYSQB    K,"MALAYSIA, KUALA LUMPUR",8,3,0,500,3.1516964,101.6942371
NCL5140  H,NEW CALEDONIA; NOUMEA PORT,4,8,0,500,-22.27631,166.4572
NOR6120  H,NORWEGEN; HAFEN OSLO,5,10,0,500,59.9133301,10.7389701
NORDRM   K,"NORWEGEN, DRAMMEN (PORSCHE)",2,6,0,500,59.6964936,10.1756419500127
NZL5070  H,NEW ZEALAND; AUCKLAND PORT,7,3,0,500,-36.852095,174.7631803
NZLAKL   K,"NEUSEELAND, AUCKLAND (PORSCHE)",7,5,0,500,-36.852095,174.7631803
NZLNB    K,"NEUSEELAND, AUCKLAND",6,6,0,500,-36.852095,174.7631803
OMNON    K,"OMAN, RUWI-MUSCAT",4,5,0,500,23.5995525,58.550656
OMNSOH   H,SUHAR,8,2,0,500,24.3445577,56.7424766
PANMIT   H,"MANZANILLO, PANAMA",3,9,0,500,8.72491,-80.338454
PERPE    K,PERU,6,6,0,500,-15.89767,-72.46938
PHLMN    K,"PHILIPPINEN, MANILA",1,3,0,500,14.5906346,120.9799964
QATQD    K,"KATAR, DOHA",9,5,0,500,25.2856329,51.5264162
REULPT001,Le Port,2,5,0,500,-20.93482,55.3133
REURE    K,"REUNION, SAINTE CLOTILDE",10,6,0,500,-21.1309332,55.5265771
REUXG    K,REUNION; SEAT,4,10,0,500,-21.1309332,55.5265771
SAU4040  H,"SAUDI-ARABIEN, JEDDAH",2,3,0,500,21.5810088,39.1653612
SAUJE    K,"SAUDI-ARABIEN, JEDDAH PORT",2,9,0,500,21.5810088,39.1653612
SAUSW    K,"SAUDI-ARABIEN, DSCHIDDA",8,1,0,500,21.5810088,39.1653612
SGP4180  H,SINGAPORE,8,8,0,500,1.357107,103.8194992
SGPSQ    K,SINGAPUR,10,8,0,500,1.357107,103.8194992
SLVWL    K,"EL SALVADOR, ACAJUTLA",10,4,0,500,13.5897967,-89.8297601
SXMPHI   H,"ST. MARTIN (NLD), PHILIPSBURG,",7,4,0,500,18.026,-63.04582
SXMZK    K,"ST. MARTIN (NLD), PHILIPSBURG",3,6,0,500,18.026,-63.04582
THATD    K,"THAILAND, LAEM CHABANG",4,4,0,500,13.0883664,100.9180778
TTOZE    K,"TRINIDAD & TOBAGO, PORT OF SPA",9,3,0,500,10.6572678,-61.5180173
TZAAS    K,"TANSANIA, DARESSALAM",10,7,0,500,-6.8160837,39.2803583
TZADAR   H,"TANSANIA, DARESSALAM",2,7,0,500,-6.8160837,39.2803583
VNMHB    K,"VIETNAM, HO CHI MINH CITY",1,2,0,500,10.7763897,106.7011391
ZAFKE    K,SÃœDAFRIKA SKD KENIA,7,2,0,500,-29.708985,23.666291
ZAFRW    K,SÃœDAFRIKA SKD RWANDA,10,1,0,500,-29.708985,23.666291
ESTES    K,"ESTLAND, PALDISKI",3,8,0,500,59.349089,24.0801736
ESTPLS   H,"ESTLAND, PALDISKI LOUNASADAM",7,7,0,500,59.349089,24.0801736
SWEHAD001,HAMLSTADT (PORT),10,1,0,500,56.6739826,12.8574827
SWESOE001,"SCHWEDEN, SOEDERTAELJE",1,8,0,500,59.1964289,17.6271663
TURDLV   H,"TUERKEI, HAFEN EFESAN, DILOVAS",6,3,0,500,40.7756061,29.5260959
AUTHIT001,Hall in Tirol - GebrÃ¼der Weiss,2,8,0,500,47.27467,11.4745
GRCGR    K,"GRIECHENLAND, PIRAEUS",1,5,0,500,37.9431594,23.6470593
LUXHOW001,Howald - Losch,8,4,0,500,49.57698,6.13016
NLDVLI001,Vlissingen - Kloosterboer,6,3,0,500,51.47588,3.70995
ARMEVN001,Eriwan - Slav Motors,5,8,0,500,4.536307,-75.6723751
AZEMQ    K,"ASERBAIDSCHAN, BAKU",2,10,0,500,40.3755885,49.8328009
BELANR001,Antwerpen - ICO,8,3,0,500,51.26818,4.22741
BELZEE001,ZeebrÃ¼gge - WWL,7,3,0,500,51.31563,3.23388
BELZEE002,ZeebrÃ¼gge - ICO Northern Inlet,9,10,0,500,51.3288072,3.21775198675609
BIHSJJ001,Sarajevo - ASA SPED,1,7,0,500,43.87625,18.30659
BLRMSQ001,Minsk - Atlant-M (Volkswagen),5,4,0,500,53.88127,27.43272
BLRMSQ002,Minsk - Autohaus AV (Audi),4,6,0,500,53.84332,27.54289
CIVFA    K,"COTE D`IVOIRE, ABIDJAN",7,2,0,500,5.320357,-4.016107
CYPEY    K,"ZYPERN-SUED, NICOSIA",6,5,0,500,35.1746503,33.3638783
CYPEZ    K,"ZYPERN-NORD, LEFKOSA",2,6,0,500,35.08302875,33.9019026886703
DNKRNG001,Ringsted - Dansk Auto Logik,4,9,0,500,55.43573,11.81151
ECUKJ    K,"ECUADOR, QUITO",8,4,0,500,-0.2201641,-78.5123274
EGYAG    K,"AEGYPTEN, ALEXANDRIA",4,9,0,500,31.1991806,29.8951716
FINFJ    K,"FINNLAND, HELSINKI",4,10,0,500,60.1674881,24.9427473
FRALAU001,Lauterbourg - Walon France,2,3,0,500,48.96319,8.18347
FRALME001,"FRANCE, LE MANS",3,7,0,500,48.0073849,0.1967849
GABFD    K,"GABUN, LIBREVILLE",1,2,0,500,0.4086518,9.4418849
GEODB    K,"GEORGIEN, TIFLIS",2,4,0,500,41.6934591,44.8014495
HUNTSB001,Tuzser - Vakert,7,2,0,500,48.33851,22.13468
ISLJS    K,"ISLAND, REYKJAVIK",6,2,0,500,64.136637,-21.876262
ISRJL    K,ISRAEL,4,3,0,500,32.6307267,35.3488686
LBNLJ    K,"LIBANON, BEIRUT",10,8,0,500,33.8959203,35.47843
LVARIX001,Riga - Kurbads,8,4,0,500,56.939,24.19093
NLDRTM002,Rotterdam - Broekman,7,2,0,500,51.89056,4.2379
SENBT    K,"SENEGAL, DAKAR",2,8,0,500,14.693425,-17.447938
TUNTU    K,"TUNESIEN, TUNIS CEDEX",3,3,0,500,36.8002068,10.1857757
UKRUHH001,Uzhhorod (Solomonovo) - Eurocar,3,5,0,500,48.61824,22.28939
AZEBAK   K,"ASERBAIDSCHAN, BAKU (BENTLEY)",2,3,0,500,40.3755885,49.8328009
ECUKL    K,"ECUADOR, MANTA",2,5,0,500,-0.9482874,-80.7197902
ESPAAI001,"SPANIEN, ARAIA",8,4,0,500,41.8261552,-1.2440052
ESPAW    K,VW NAVARRA; EIGENBEDARF,4,8,0,500,42.8181992,-1.6440089
ESPCPZ001,Ciempozuelos - Berge Gefco,7,2,0,500,40.16505,-3.62645
ESPEV    K,"SPAIN, CAR POOL",4,3,0,500,41.3828939,2.1774322
ESPEW    K,"SPAIN, SIN DESTINO",5,8,0,500,40.091214,-3.459133
ESPYE    K,"SPANIEN, PAMPLONA",7,2,0,500,42.8181992,-1.6440089
FJISF    K,"FIDSCHI, SUVA",8,5,0,500,-18.1415884,178.4421662
FRARIV001,Rivesaltes - Walon France,2,4,0,500,42.79603,2.88144
IRLDUB   H,"IRLAND, HAFEN DUBLIN",8,4,0,500,53.3493795,-6.2605593
ITA7240  H,SAVONA MARITTIMA,10,10,0,500,44.3080251,8.4810315
JPN4890  H,TOYOHASHI PORT,10,8,0,500,34.769123,137.391461
JPNTOY   K,TOYOHASHI PORT BENTLEY,3,9,0,500,34.769123,137.391461
PRISJU   K,"PUERTO RICO, SAN JUAN (PORSCHE",2,2,0,500,18.46633,-66.10572
TUR6070  H,"TUERKEI, HAFEN DERINCE",2,4,0,500,40.757461,29.8307537
TWNNTC   H,"TAIWAN, NEW TAIPEI CITY (TAIPE",9,1,0,500,25.0375198,121.5636796
UKRKIE   K,"UKRAINE, KYIV (BENTLEY)",1,2,0,500,50.4500336,30.5241361
RUSGG    K,"RUSSLAND, KALUGA",6,6,0,500,54.5101087,36.2598115
RUSHR    K,"RUSSLAND, ST. PETERSBURG",7,7,0,500,59.938732,30.316229
ESPYA    K,"SPAIN, CANARIAS",7,8,0,500,27.856546,-15.403732
ESPYB    K,"SPANIEN, KANAR. INSELN, TENERI",7,8,0,500,28.2935785,-16.6214471211441
GLPLG    K,GUADELOUPE; SEAT,3,9,0,500,16.0000778,-61.7333373
GRCDP    K,"GRIECHENLAND, ATHEN; SEAT",6,6,0,500,37.9755648,23.7348324
MTQYM    K,MARTINIQUE; SEAT,8,2,0,500,14.6113732,-60.9620777
MDAKIV001,Chisinau - Rumeon,7,10,0,500,47.0242,28.83184
TKMAGT001,Ashgabat - Skoda,1,1,0,500,37.95033,58.39012
SURZP    K,SURINAME; VW,5,1,0,500,37.9110723,40.2366499
BELANR002,Antwerpen - Euroterminal (Ford),4,5,0,500,51.30127,4.25071
BRASUA001,"BRASILIEN, SUAPE",5,8,0,500,-8.3539067,-34.9567358
ALBDY    K,"ALBANIEN, DURRES",2,6,0,500,41.313255,19.4462348
ARGAR    K,"ARGENTINIEN, BUENOS AIRES",10,9,0,500,-34.6075682,-58.4370894
BGDBQ    K,"BANGLADESCH, CHITTAGONG",10,8,0,500,22.333778,91.8344348
BRAVI    K,"BRASILIEN, VITORIA",7,1,0,500,-20.3200917,-40.3376682
BRAVIX   H,VITORIA HAFEN,3,5,0,500,-20.3200917,-40.3376682
GHATEM001,TEMA,2,7,0,500,5.6596441,-0.0096592
NPLNE    K,"NEPAL, MORANG",3,3,0,500,26.6686397,87.3851784
PAKKI    K,"PAKISTAN, KARACHI",9,5,0,500,24.8546842,67.0207055
PRYPG    K,PARAGUAY,3,4,0,500,-25.2800459,-57.6343814
URY3180  H,"URUGUAY, HAFEN MONTEVIDEO",2,6,0,500,-34.9058916,-56.1913095
URYVR    K,"URUGUAY, MONTEVIDEO",5,9,0,500,-34.9058916,-56.1913095
CRIWF    K,"COSTA RICA, PUERTO LIMON",4,4,0,500,9.9963486,-83.0551808
FRATAR001,Tarnos - Walon France,6,6,0,500,43.53452,-1.49842
UZBTAS001,Taschkent - Jizzakh,5,4,0,500,41.3653842,69.2860659
FIN6060  H,HELSINKI,2,7,0,500,60.1674881,24.9427473
LVALI    H,"HAFEN LIPAJA, LETTLAND",6,2,0,500,56.5048435,21.0070903
ALBTIA001,Tirana - Porsche Albania,2,4,0,500,41.350945,19.757962
BGRHH    K,"BULGARIEN, SOFIA; AUTOTECHNICA",5,1,0,500,42.6977028,23.3217359
CZEPRG001,Prag - Importeur,2,5,0,500,50.0481755,14.3581273
SRBBEG001,Belgrad - Autocacak,9,8,0,500,44.8112,20.4127
AREJE    K,JEBEL ALI,4,4,0,500,24.9931,55.07
CHEAHF001,Altishofen - Galliker (Porsche),10,9,0,500,47.20052,7.973
CHNCK    K,"CHINA, CHONGQING",9,8,0,500,29.5656729,106.5479189
DOMQZ    K,"DOMINIKANISCHE REPUBLIK, RIO H",7,2,0,500,46.1160556,8.291248
ISRASH   K,ASHDOD (PORSCHE),10,10,0,500,31.7977314,34.6529922
ITACDT001,Castiglione - Bertani,2,10,0,500,45.39213,10.47823
MLTMX    K,MALTA; MARSAXLOKK,7,1,0,500,35.8417662,14.5448353
FRAVCT001,Villers-Cotterets - CAT,6,10,0,500,49.24403,3.09662
CHNCE    K,CHINA VR; FAW; CKD/SKD (AUDI +,5,3,0,500,32.529746,106.804852
CHNCZ    K,CHINA VR; SVW SHANGHAI VW AUTO,1,9,0,500,31.2323437,121.4691024
ESPPGQ001,Palau - Sese,1,5,0,500,41.57948,2.17818
FRAWV9001,Wavrin - CAT,3,1,0,500,50.55636,2.93585
HUNCK    K,"UNGARN, BUDAOERS",7,4,0,500,47.4600185,18.9541818
MEXMS    K,"VW DE MEXIKO ""DIREKTVERKAEUFE""",9,5,0,500,19.4839446,-99.6899716
PRTAK    K,"AUTOEUROPA, TEST VEHICLES",9,10,0,500,41.1494512,-8.6107884
PSEBK    K,OCCUPIED PALESTINIAN TERRITORY,10,2,0,500,32.132392,35.262925
SVKPJ    K,"SLOWAKEI, INLANDSPRODUKTION",2,3,0,500,48.752408,19.201811
USACHA001,"USA, CHATTANOOGA, TN",5,10,0,500,35.0457219,-85.3094883
CHNCP    K,"CHINA, CHENGDU (BAHN)",1,5,0,500,30.6598628,104.0633717
ESPYJ    K,"SPAIN, RACS",6,2,0,500,40.091214,-3.459133
