CODE,Stock,Capacity,LoadCapacity,UnloadCapacity,Capacity_Flag,Stock_Flag
Almacen 0,12.0,14.0,500.0,1.0,H,H
Almacen 1,106.0,117.0,500.0,15.0,H,H
Almacen 2,11.0,13.0,500.0,2.0,H,H
Almacen 3,24.0,27.0,500.0,11.0,H,H
Almacen 4,34.0,38.0,500.0,13.0,H,H
Almacen 5,1.0,2.0,500.0,1.0,H,H
Almacen 6,58.0,64.0,500.0,8.0,H,H
Almacen 7,9.0,10.0,500.0,5.0,H,H
Almacen 8,4.0,5.0,500.0,1.0,H,H
Almacen 9,32.0,36.0,500.0,4.0,H,H
Almacen 10,15.0,17.0,500.0,4.0,H,H
Almacen 11,4.0,5.0,500.0,2.0,H,H
Almacen 12,13.0,15.0,500.0,5.0,H,H
Almacen 13,1.0,2.0,500.0,1.0,H,H
Almacen 14,2.0,3.0,500.0,2.0,H,H
Almacen 15,2.0,3.0,500.0,2.0,H,H
Almacen 16,2.0,3.0,500.0,2.0,H,H
Almacen 17,1.0,2.0,500.0,1.0,H,H
Almacen 18,2.0,3.0,500.0,2.0,H,H
Almacen 19,1.0,2.0,500.0,1.0,H,H
Almacen 20,1.0,2.0,500.0,1.0,H,H
Almacen 21,1.0,2.0,500.0,1.0,H,H
Almacen 22,1.0,2.0,500.0,1.0,H,H
Almacen 23,1.0,2.0,500.0,1.0,H,H
Almacen 24,2.0,3.0,500.0,2.0,H,H
Almacen 25,1.0,2.0,500.0,1.0,H,H
Almacen 26,2.0,3.0,500.0,2.0,H,H
Almacen 27,4.0,5.0,500.0,4.0,H,H
Almacen 28,3.0,4.0,500.0,3.0,H,H
Almacen 29,1.0,2.0,500.0,1.0,H,H
Almacen 30,1.0,2.0,500.0,1.0,H,H
Almacen 31,2.0,3.0,500.0,2.0,H,H
Almacen 32,4.0,5.0,500.0,4.0,H,H
Almacen 33,5.0,6.0,500.0,3.0,H,H
Almacen 34,1.0,2.0,500.0,1.0,H,H
Almacen 35,4.0,5.0,500.0,4.0,H,H
Almacen 36,4.0,5.0,500.0,2.0,H,H
Almacen 37,2.0,3.0,500.0,2.0,H,H
Almacen 38,1.0,2.0,500.0,1.0,H,H
Almacen 39,1.0,2.0,500.0,1.0,H,H
Almacen 40,1.0,2.0,500.0,1.0,H,H
Almacen 41,2.0,3.0,500.0,2.0,H,H
Almacen 42,1.0,2.0,500.0,1.0,H,H
Almacen 43,3.0,4.0,500.0,3.0,H,H
Almacen 44,1.0,2.0,500.0,1.0,H,H
Almacen 45,2.0,3.0,500.0,2.0,H,H
Almacen 46,3.0,4.0,500.0,3.0,H,H
Almacen 47,1.0,2.0,500.0,1.0,H,H
Almacen 48,1.0,2.0,500.0,1.0,H,H
Almacen 49,1.0,2.0,500.0,1.0,H,H
Almacen 50,1.0,2.0,500.0,1.0,H,H
Almacen 51,2.0,3.0,500.0,2.0,H,H
Almacen 52,2.0,3.0,500.0,2.0,H,H
Almacen 53,2.0,3.0,500.0,2.0,H,H
Almacen 54,3.0,4.0,500.0,3.0,H,H
Almacen 55,1.0,2.0,500.0,1.0,H,H
Almacen 56,3.0,4.0,500.0,3.0,H,H
Almacen 57,1.0,2.0,500.0,1.0,H,H
Almacen 58,4.0,5.0,500.0,4.0,H,H
Almacen 59,1.0,2.0,500.0,1.0,H,H
Almacen 60,2.0,3.0,500.0,2.0,H,H
Almacen 61,1.0,2.0,500.0,1.0,H,H
Almacen 62,2.0,3.0,500.0,2.0,H,H
Almacen 63,2.0,3.0,500.0,2.0,H,H
Almacen 64,1.0,2.0,500.0,1.0,H,H
Almacen 65,165.0,182.0,500.0,28.0,H,H
Almacen 66,18.0,20.0,500.0,8.0,H,H
Almacen 67,10.0,11.0,500.0,6.0,H,H
Almacen 68,1.0,2.0,500.0,1.0,H,H
Almacen 69,5.0,6.0,500.0,2.0,H,H
Almacen 70,2.0,3.0,500.0,2.0,H,H
Almacen 71,2.0,3.0,500.0,2.0,H,H
Almacen 72,7.0,8.0,500.0,3.0,H,H
Almacen 73,99.0,109.0,500.0,13.0,H,H
Almacen 74,2.0,3.0,500.0,1.0,H,H
Almacen 75,1.0,2.0,500.0,1.0,H,H
Almacen 76,44.0,49.0,500.0,11.0,H,H
Almacen 77,1.0,2.0,500.0,1.0,H,H
Almacen 78,4.0,5.0,500.0,2.0,H,H
Almacen 79,4.0,5.0,500.0,2.0,H,H
Almacen 80,6.0,7.0,500.0,6.0,H,H
Almacen 81,2.0,3.0,500.0,1.0,H,H
Almacen 82,1.0,2.0,500.0,1.0,H,H
Almacen 83,2.0,3.0,500.0,2.0,H,H
Almacen 84,2.0,3.0,500.0,2.0,H,H
Almacen 85,16.0,18.0,500.0,6.0,H,H
Almacen 86,1.0,2.0,500.0,1.0,H,H
Almacen 87,1.0,2.0,500.0,1.0,H,H
Almacen 88,1.0,2.0,500.0,1.0,H,H
Almacen 89,1.0,2.0,500.0,1.0,H,H
Almacen 90,1.0,2.0,500.0,1.0,H,H
Almacen 91,5.0,6.0,500.0,5.0,H,H
Almacen 92,2.0,3.0,500.0,1.0,H,H
Almacen 93,1.0,2.0,500.0,1.0,H,H
Almacen 94,1.0,2.0,500.0,1.0,H,H
Almacen 95,116.0,128.0,500.0,40.0,H,H
Almacen 96,1.0,2.0,500.0,1.0,H,H
Almacen 97,1.0,2.0,500.0,1.0,H,H
Almacen 98,1.0,2.0,500.0,1.0,H,H
Almacen 99,2.0,3.0,500.0,1.0,H,H
Almacen 100,1.0,2.0,500.0,1.0,H,H
Almacen 101,1.0,2.0,500.0,1.0,H,H
Almacen 102,4.0,5.0,500.0,2.0,H,H
Almacen 103,1.0,2.0,500.0,1.0,H,H
Almacen 104,1.0,2.0,500.0,1.0,H,H
Almacen 105,2.0,3.0,500.0,2.0,H,H
Almacen 106,11.0,13.0,500.0,6.0,H,H
Almacen 107,2.0,3.0,500.0,1.0,H,H
Almacen 108,1.0,2.0,500.0,1.0,H,H
Almacen 109,1.0,2.0,500.0,1.0,H,H
Almacen 110,1.0,2.0,500.0,1.0,H,H
Almacen 111,110.0,122.0,500.0,23.0,H,H
Almacen 112,1.0,2.0,500.0,1.0,H,H
Almacen 113,7.0,8.0,500.0,6.0,H,H
Almacen 114,9.0,10.0,500.0,2.0,H,H
Almacen 115,2.0,3.0,500.0,2.0,H,H
Almacen 116,5.0,6.0,500.0,4.0,H,H
Almacen 117,2.0,3.0,500.0,2.0,H,H
Almacen 118,3.0,4.0,500.0,3.0,H,H
Almacen 119,17.0,19.0,500.0,7.0,H,H
Almacen 120,2.0,3.0,500.0,2.0,H,H
Almacen 121,4.0,5.0,500.0,2.0,H,H
Almacen 122,1.0,2.0,500.0,1.0,H,H
Almacen 123,2.0,3.0,500.0,2.0,H,H
Almacen 124,1.0,2.0,500.0,1.0,H,H
Almacen 125,2.0,3.0,500.0,1.0,H,H
Almacen 126,2.0,3.0,500.0,1.0,H,H
Almacen 127,1.0,2.0,500.0,1.0,H,H
Almacen 128,5.0,6.0,500.0,3.0,H,H
Almacen 129,3.0,4.0,500.0,1.0,H,H
Almacen 130,1.0,2.0,500.0,1.0,H,H
Almacen 131,10.0,11.0,500.0,5.0,H,H
Almacen 132,22.0,25.0,500.0,14.0,H,H
Almacen 133,1.0,2.0,500.0,1.0,H,H
Almacen 134,1.0,2.0,500.0,1.0,H,H
Almacen 135,3.0,4.0,500.0,3.0,H,H
Almacen 136,1.0,2.0,500.0,1.0,H,H
Almacen 137,1.0,2.0,500.0,1.0,H,H
Almacen 138,1.0,2.0,500.0,1.0,H,H
Almacen 139,1.0,2.0,500.0,1.0,H,H
Almacen 140,1.0,2.0,500.0,1.0,H,H
Almacen 141,2.0,3.0,500.0,1.0,H,H
Almacen 142,2.0,3.0,500.0,2.0,H,H
Almacen 143,1.0,2.0,500.0,1.0,H,H
Almacen 144,1.0,2.0,500.0,1.0,H,H
Almacen 145,1.0,2.0,500.0,1.0,H,H
Almacen 146,1.0,2.0,500.0,1.0,H,H
Almacen 147,10.0,11.0,500.0,6.0,H,H
Almacen 148,1.0,2.0,500.0,1.0,H,H
Almacen 149,6.0,7.0,500.0,2.0,H,H
Almacen 150,1.0,2.0,500.0,1.0,H,H
Almacen 151,4.0,5.0,500.0,2.0,H,H
Almacen 152,8.0,9.0,500.0,3.0,H,H
Almacen 153,1.0,2.0,500.0,1.0,H,H
Almacen 154,7.0,8.0,500.0,6.0,H,H
Almacen 155,4.0,5.0,500.0,3.0,H,H
Almacen 156,1.0,2.0,500.0,1.0,H,H
Almacen 157,15.0,17.0,500.0,7.0,H,H
Almacen 158,2.0,3.0,500.0,2.0,H,H
Almacen 159,2.0,3.0,500.0,1.0,H,H
Almacen 160,1.0,2.0,500.0,1.0,H,H
Almacen 161,2.0,3.0,500.0,1.0,H,H
Almacen 162,1.0,2.0,500.0,1.0,H,H
Almacen 163,16.0,18.0,500.0,7.0,H,H
Almacen 164,1.0,2.0,500.0,1.0,H,H
Almacen 165,2.0,3.0,500.0,2.0,H,H
Almacen 166,2.0,3.0,500.0,2.0,H,H
Almacen 167,1.0,2.0,500.0,1.0,H,H
Almacen 168,1.0,2.0,500.0,1.0,H,H
Almacen 169,2.0,3.0,500.0,1.0,H,H
Almacen 170,1.0,2.0,500.0,1.0,H,H
Almacen 171,27.0,30.0,500.0,8.0,H,H
Almacen 172,3.0,4.0,500.0,3.0,H,H
Almacen 173,2.0,3.0,500.0,2.0,H,H
Almacen 174,1.0,2.0,500.0,1.0,H,H
Almacen 175,1.0,2.0,500.0,1.0,H,H
Almacen 176,2.0,3.0,500.0,2.0,H,H
Almacen 177,2.0,3.0,500.0,2.0,H,H
Almacen 178,5.0,6.0,500.0,3.0,H,H
Almacen 179,5.0,6.0,500.0,3.0,H,H
Almacen 180,1.0,2.0,500.0,1.0,H,H
Almacen 181,2.0,3.0,500.0,2.0,H,H
Almacen 182,14.0,16.0,500.0,5.0,H,H
Almacen 183,2.0,3.0,500.0,2.0,H,H
Almacen 184,20.0,22.0,500.0,6.0,H,H
Almacen 185,1.0,2.0,500.0,1.0,H,H
Almacen 186,1.0,2.0,500.0,1.0,H,H
Almacen 187,4.0,5.0,500.0,3.0,H,H
Almacen 188,11.0,13.0,500.0,5.0,H,H
Almacen 189,1.0,2.0,500.0,1.0,H,H
Almacen 190,1.0,2.0,500.0,1.0,H,H
Almacen 191,1.0,2.0,500.0,1.0,H,H
Almacen 192,45.0,50.0,500.0,8.0,H,H
Almacen 193,1.0,2.0,500.0,1.0,H,H
Almacen 194,1.0,2.0,500.0,1.0,H,H
Almacen 195,1.0,2.0,500.0,1.0,H,H
Almacen 196,1.0,2.0,500.0,1.0,H,H
Almacen 197,1.0,2.0,500.0,1.0,H,H
Almacen 198,39.0,43.0,500.0,8.0,H,H
Almacen 199,1.0,2.0,500.0,1.0,H,H
Almacen 200,1.0,2.0,500.0,1.0,H,H
Almacen 201,1.0,2.0,500.0,1.0,H,H
Almacen 202,1.0,2.0,500.0,1.0,H,H
Almacen 203,143.0,158.0,500.0,13.0,H,H
Almacen 204,2.0,3.0,500.0,1.0,H,H
Almacen 205,9.0,10.0,500.0,4.0,H,H
Almacen 206,1.0,2.0,500.0,1.0,H,H
Almacen 207,1.0,2.0,500.0,1.0,H,H
Almacen 208,1.0,2.0,500.0,1.0,H,H
Almacen 209,8.0,9.0,500.0,2.0,H,H
Almacen 210,0.0,0.0,500.0,500.0,M,M
Almacen 211,1.0,0.0,500.0,500.0,M,V
Almacen 212,1.0,0.0,500.0,500.0,M,V
Almacen 213,1.0,2.0,500.0,1.0,H,H
Almacen 214,0.0,0.0,500.0,500.0,M,M
Almacen 215,473.0,388.0,500.0,21.0,H,V
Almacen 216,516.0,559.0,500.0,26.0,H,V
Almacen 217,330.0,364.0,500.0,16.0,H,H
Almacen 218,16.0,0.0,500.0,500.0,M,V
Almacen 219,0.0,0.0,500.0,500.0,M,M
Almacen 220,0.0,0.0,500.0,500.0,M,M
Almacen 221,2931.0,3225.0,500.0,682.0,H,H
Almacen 222,12.0,14.0,500.0,2.0,H,H
Almacen 223,1.0,2.0,500.0,1.0,H,H
Almacen 224,4350.0,4785.0,500.0,628.0,H,H
Almacen 225,688.0,0.0,500.0,500.0,M,V
Almacen 226,1914.0,0.0,500.0,500.0,M,V
Almacen 227,1.0,0.0,500.0,500.0,M,V
Almacen 228,821.0,0.0,500.0,500.0,M,V
Almacen 229,7379.0,0.0,500.0,500.0,M,V
Almacen 230,1.0,0.0,500.0,500.0,M,V
Almacen 231,28.0,31.0,500.0,17.0,H,H
Almacen 232,1319.0,614.0,500.0,144.0,H,V
Almacen 233,0.0,0.0,500.0,500.0,M,M
Almacen 234,280.0,309.0,500.0,30.0,H,H
Almacen 235,308.0,339.0,500.0,240.0,H,H
Almacen 236,1980.0,3043.0,500.0,416.0,H,H
Almacen 237,5389.0,8125.0,500.0,1062.0,H,H
Almacen 238,11578.0,15875.0,500.0,1015.0,H,H
Almacen 239,10519.0,15940.0,500.0,1240.0,H,H
Almacen 240,1.0,0.0,500.0,500.0,M,V
Almacen 241,0.0,0.0,500.0,500.0,M,M
Almacen 242,144.0,159.0,500.0,54.0,H,H
Almacen 243,203.0,2222.0,500.0,162.0,V,V
Almacen 244,55.0,61.0,500.0,13.0,H,H
Almacen 245,3.0,18.0,500.0,2.0,H,V
Almacen 246,2682.0,2222.0,500.0,486.0,V,V
Almacen 247,2420.0,2222.0,500.0,508.0,V,V
Almacen 248,1256.0,2222.0,500.0,428.0,V,V
Almacen 249,33.0,37.0,500.0,6.0,H,H
Almacen 250,168.0,210.0,500.0,22.0,H,V
Almacen 251,24.0,0.0,500.0,500.0,M,V
Almacen 252,3.0,2222.0,55.0,111.0,V,V
Almacen 253,25.0,28.0,500.0,5.0,H,H
Almacen 254,10.0,11.0,500.0,5.0,H,H
Almacen 255,23.0,26.0,500.0,19.0,H,H
Almacen 256,2189.0,3970.0,79.0,443.0,H,H
Almacen 257,1124.0,2519.0,500.0,252.0,H,H
Almacen 258,2278.0,2222.0,500.0,308.0,V,V
Almacen 259,51.0,57.0,500.0,30.0,H,H
Almacen 260,286.0,1254.0,768.0,32.0,V,V
Almacen 261,16.0,18.0,500.0,7.0,H,H
Almacen 262,8086.0,2222.0,500.0,1130.0,V,V
Almacen 263,195.0,215.0,500.0,24.0,H,H
Almacen 264,164.0,2222.0,462.0,433.0,V,V
Almacen 265,115.0,138.0,10.0,70.0,H,H
Almacen 266,12.0,14.0,500.0,6.0,H,H
Almacen 267,475.0,2222.0,393.0,92.0,V,V
Almacen 268,214.0,2222.0,107.0,500.0,V,V
Almacen 269,227.0,250.0,500.0,30.0,H,H
Almacen 270,64.0,71.0,500.0,10.0,H,H
Almacen 271,1.0,2.0,500.0,1.0,H,H
Almacen 272,117.0,129.0,500.0,6.0,H,H
Almacen 273,7154.0,7870.0,500.0,161.0,H,H
Almacen 274,0.0,0.0,500.0,500.0,M,M
Almacen 275,503.0,554.0,500.0,58.0,H,H
Almacen 276,2501.0,6492.0,500.0,98.0,H,V
Almacen 277,0.0,0.0,500.0,500.0,M,M
Almacen 278,17.0,92.0,500.0,9.0,H,V
Almacen 279,572.0,630.0,500.0,44.0,H,H
Almacen 280,23.0,2.0,500.0,1.0,H,V
Almacen 281,10332.0,0.0,500.0,500.0,M,V
Almacen 282,1294.0,0.0,500.0,500.0,M,V
Almacen 283,14146.0,0.0,500.0,500.0,M,V
Almacen 284,24.0,0.0,500.0,500.0,M,V
Almacen 285,0.0,0.0,500.0,500.0,M,M
Almacen 286,13125.0,0.0,500.0,500.0,M,V
Almacen 287,0.0,0.0,500.0,500.0,M,M
Almacen 288,5665.0,3769.0,500.0,238.0,H,V
Almacen 289,1.0,0.0,500.0,500.0,M,V
Almacen 290,378.0,154.0,500.0,77.0,H,V
Almacen 291,555.0,611.0,500.0,24.0,H,H
Almacen 292,583.0,642.0,500.0,86.0,H,H
Almacen 293,0.0,0.0,500.0,500.0,M,M
Almacen 294,0.0,0.0,500.0,500.0,M,M
Almacen 295,66.0,54.0,500.0,16.0,H,V
Almacen 296,32.0,0.0,500.0,500.0,M,V
Almacen 297,271.0,0.0,500.0,500.0,M,V
Almacen 298,316.0,0.0,500.0,500.0,M,V
Almacen 299,21827.0,46541.0,500.0,1682.0,H,H
Almacen 300,0.0,0.0,500.0,500.0,M,M
Almacen 301,587.0,0.0,500.0,500.0,M,V
Almacen 302,308.0,0.0,500.0,500.0,M,V
Almacen 303,91.0,0.0,500.0,500.0,M,V
Almacen 304,1486.0,1635.0,500.0,88.0,H,H
Almacen 305,38263.0,103288.0,500.0,706.0,H,V
Almacen 306,14320.0,32932.0,500.0,271.0,H,V
Almacen 307,369.0,406.0,500.0,76.0,H,H
Almacen 308,5693.0,2304.0,500.0,115.0,H,V
Almacen 309,1.0,2.0,500.0,1.0,H,H
Almacen 310,0.0,0.0,500.0,500.0,M,M
Almacen 311,149.0,164.0,500.0,149.0,H,H
Almacen 312,11.0,13.0,500.0,2.0,H,H
Almacen 313,1502.0,0.0,500.0,500.0,M,V
Almacen 314,6818.0,7500.0,500.0,794.0,H,H
Almacen 315,7.0,0.0,500.0,500.0,M,V
Almacen 316,2144.0,0.0,500.0,500.0,M,V
Almacen 317,4108.0,6.0,500.0,2.0,H,V
Almacen 318,27166.0,0.0,500.0,500.0,M,V
Almacen 319,135.0,149.0,500.0,8.0,H,H
Almacen 320,4.0,5.0,500.0,4.0,H,V
Almacen 321,764.0,0.0,500.0,500.0,M,V
Almacen 322,6.0,7.0,500.0,3.0,H,H
Almacen 323,2156.0,0.0,500.0,500.0,M,V
Almacen 324,1704.0,0.0,500.0,500.0,M,V
Almacen 325,278.0,0.0,500.0,500.0,M,V
Almacen 326,2290.0,0.0,500.0,500.0,M,V
Almacen 327,525861.0,0.0,500.0,500.0,M,V
Almacen 328,2168.0,0.0,500.0,500.0,M,V
Almacen 329,470.0,0.0,500.0,500.0,M,V
Almacen 330,350.0,0.0,500.0,500.0,M,V
Almacen 331,22214.0,20552.0,500.0,1295.0,H,V
Almacen 332,27168.0,21006.0,500.0,1218.0,H,V
Almacen 333,24544.0,16393.0,500.0,1187.0,H,V
Almacen 334,301.0,0.0,500.0,500.0,M,V
Almacen 335,3221.0,0.0,500.0,500.0,M,V
Almacen 336,1597.0,0.0,500.0,500.0,M,V
Almacen 337,3240.0,0.0,500.0,500.0,M,V
Almacen 338,8474.0,9322.0,500.0,731.0,H,H
Almacen 339,313.0,345.0,500.0,293.0,H,H
Almacen 340,1244.0,0.0,500.0,500.0,M,V
Almacen 341,5471.0,6019.0,500.0,622.0,H,H
Almacen 342,808.0,0.0,500.0,500.0,M,V
Almacen 343,109.0,0.0,500.0,500.0,M,V
Almacen 344,0.0,0.0,500.0,500.0,M,M
Almacen 345,575.0,0.0,500.0,500.0,M,V
Almacen 346,0.0,0.0,500.0,500.0,M,M
Almacen 347,3010.0,0.0,500.0,500.0,M,V
Almacen 348,1405.0,0.0,500.0,500.0,M,V
Almacen 349,0.0,0.0,500.0,500.0,M,M
Almacen 350,52.0,58.0,500.0,12.0,H,H
Almacen 351,99.0,109.0,500.0,99.0,H,H
Almacen 352,0.0,0.0,500.0,500.0,M,M
Almacen 353,1.0,2.0,500.0,1.0,H,H
Almacen 354,617.0,11.0,500.0,6.0,H,V
Almacen 355,3.0,725.0,500.0,188.0,H,V
Almacen 356,2831.0,574.0,500.0,187.0,H,V
Almacen 357,0.0,0.0,500.0,500.0,M,M
Almacen 358,0.0,0.0,500.0,500.0,M,M
Almacen 359,639.0,704.0,500.0,42.0,H,V
Almacen 360,8.0,9.0,500.0,5.0,H,H
Almacen 361,43.0,75.0,500.0,23.0,H,V
Almacen 362,0.0,0.0,500.0,500.0,M,M
Almacen 363,0.0,0.0,500.0,500.0,M,M
Almacen 364,41.0,48.0,500.0,14.0,H,V
Almacen 365,0.0,0.0,500.0,500.0,M,M
Almacen 366,3.0,4.0,500.0,2.0,H,V
Almacen 367,1562.0,2115.0,500.0,180.0,H,V
Almacen 368,61.0,68.0,500.0,30.0,H,H
Almacen 369,77.0,85.0,500.0,29.0,H,H
Almacen 370,18.0,20.0,500.0,7.0,H,H
Almacen 371,129.0,104.0,500.0,46.0,H,V
Almacen 372,11702.0,7825.0,500.0,120.0,H,V
Almacen 373,7034.0,4779.0,500.0,111.0,H,V
Almacen 374,6053.0,4596.0,500.0,73.0,H,V
Almacen 375,6022.0,3394.0,500.0,66.0,H,V
Almacen 376,34702.0,27365.0,500.0,486.0,H,V
Almacen 377,7682.0,5868.0,500.0,82.0,H,V
Almacen 378,13783.0,5763.0,500.0,98.0,H,V
Almacen 379,7124.0,6887.0,500.0,170.0,H,V
Almacen 380,8807.0,8027.0,500.0,132.0,H,V
Almacen 381,0.0,210.0,190.0,500.0,H,M
Almacen 382,4637.0,5101.0,500.0,40.0,H,H
Almacen 383,55.0,2222.0,7.0,114.0,V,V
Almacen 384,464.0,2222.0,14.0,158.0,V,V
Almacen 385,162.0,2767.0,116.0,254.0,H,H
Almacen 386,5120.0,5632.0,500.0,228.0,H,H
Almacen 387,1766.0,2222.0,177.0,456.0,V,V
Almacen 388,948.0,1043.0,500.0,162.0,H,H
Almacen 389,1990.0,2189.0,500.0,370.0,H,H
Almacen 390,615.0,677.0,2.0,26.0,H,H
Almacen 391,10.0,2222.0,8.0,11.0,V,V
Almacen 392,546.0,601.0,500.0,150.0,H,H
Almacen 393,3.0,4.0,500.0,3.0,H,H
Almacen 394,764.0,841.0,500.0,120.0,H,H
Almacen 395,452.0,498.0,500.0,222.0,H,H
Almacen 396,3166.0,3483.0,500.0,474.0,H,H
Almacen 397,789.0,2222.0,101.0,232.0,V,V
Almacen 398,69.0,2222.0,176.0,260.0,V,V
Almacen 399,1548.0,2222.0,395.0,362.0,V,V
Almacen 400,7194.0,7914.0,500.0,432.0,H,H
Almacen 401,2.0,0.0,500.0,500.0,M,V
Almacen 402,1.0,0.0,500.0,500.0,M,V
Almacen 403,0.0,1044.0,507.0,500.0,H,M
Almacen 404,2.0,0.0,500.0,500.0,M,V
Almacen 405,0.0,992.0,81.0,157.0,H,M
Almacen 406,1.0,2222.0,178.0,208.0,V,V
Almacen 407,1062.0,1169.0,500.0,83.0,H,H
Almacen 408,340.0,2222.0,288.0,316.0,V,V
Almacen 409,1.0,2222.0,500.0,278.0,V,V
Almacen 410,537.0,2222.0,451.0,372.0,V,V
Almacen 411,4.0,2222.0,238.0,258.0,V,V
Almacen 412,1555.0,1711.0,500.0,126.0,H,H
Almacen 413,914.0,1006.0,500.0,110.0,H,H
Almacen 414,1322.0,1455.0,500.0,188.0,H,H
Almacen 415,1428.0,1571.0,500.0,324.0,H,H
Almacen 416,10.0,2222.0,174.0,183.0,V,V
Almacen 417,9.0,10.0,500.0,6.0,H,H
Almacen 418,3103.0,3414.0,500.0,720.0,H,H
Almacen 419,880.0,2222.0,406.0,370.0,V,V
Almacen 420,551.0,607.0,500.0,143.0,H,H
Almacen 421,0.0,2.0,1.0,500.0,H,M
Almacen 422,0.0,26.0,5.0,500.0,H,M
Almacen 423,-32.0,80.0,3.0,5.0,H,V
Almacen 424,0.0,1445.0,78.0,500.0,H,M
Almacen 425,12034.0,13238.0,500.0,176.0,H,H
Almacen 426,7667.0,2.0,500.0,1.0,H,V
Almacen 427,253.0,279.0,500.0,17.0,H,H
Almacen 428,428.0,0.0,500.0,500.0,M,V
Almacen 429,73.0,81.0,500.0,7.0,H,H
Almacen 430,954.0,0.0,500.0,500.0,M,V
Almacen 431,2.0,0.0,500.0,500.0,M,V
Almacen 432,1178.0,2222.0,500.0,542.0,V,V
Almacen 433,3033.0,4000.0,3324.0,518.0,V,V
Almacen 434,4776.0,6030.0,6076.0,436.0,V,V
Almacen 435,76.0,0.0,500.0,500.0,M,V
Almacen 436,475.0,0.0,500.0,500.0,M,V
Almacen 437,3.0,2.0,500.0,1.0,H,V
Almacen 438,0.0,0.0,500.0,500.0,M,M
Almacen 439,356.0,392.0,500.0,7.0,H,H
Almacen 440,31.0,0.0,500.0,500.0,M,V
Almacen 441,1.0,2.0,500.0,1.0,H,H
Almacen 442,-202.0,436.0,110.0,40.0,H,V
Almacen 443,2.0,22831.0,1.0,252.0,H,V
Almacen 444,277.0,305.0,500.0,9.0,H,H
Almacen 445,24650.0,27116.0,1.0,818.0,H,H
Almacen 446,80.0,88.0,500.0,26.0,H,H
Almacen 447,36.0,40.0,500.0,14.0,H,H
Almacen 448,15.0,17.0,500.0,3.0,H,H
Almacen 449,17980.0,19778.0,2.0,270.0,H,H
Almacen 450,0.0,2000.0,500.0,500.0,V,M
Almacen 451,1.0,2.0,500.0,1.0,H,H
Almacen 452,303.0,334.0,500.0,20.0,H,H
Almacen 453,1674.0,1842.0,500.0,149.0,H,H
Almacen 454,7.0,8.0,500.0,7.0,H,H
Almacen 455,1.0,2.0,500.0,1.0,H,H
Almacen 456,0.0,1201.0,699.0,500.0,H,M
Almacen 457,558.0,2222.0,500.0,500.0,V,V
Almacen 458,0.0,6.0,5.0,500.0,H,M
Almacen 459,2.0,0.0,500.0,500.0,M,V
Almacen 460,0.0,3000.0,500.0,500.0,V,M
Almacen 461,78.0,86.0,500.0,31.0,H,H
Almacen 462,0.0,119.0,69.0,500.0,H,M
Almacen 463,9.0,327.0,21.0,86.0,H,V
Almacen 464,0.0,5.0,4.0,500.0,H,M
Almacen 465,14.0,215.0,144.0,23.0,H,V
Almacen 466,0.0,0.0,500.0,500.0,M,M
Almacen 467,5.0,14.0,12.0,6.0,H,H
Almacen 468,0.0,0.0,500.0,500.0,M,M
Almacen 469,1.0,6.0,500.0,5.0,H,V
Almacen 470,36.0,40.0,500.0,7.0,H,H
Almacen 471,2158.0,6476.0,122.0,63.0,H,V
Almacen 472,12.0,2222.0,8.0,17.0,V,V
Almacen 473,0.0,82.0,64.0,500.0,H,M
Almacen 474,0.0,5000.0,202.0,210.0,V,M
Almacen 475,0.0,10.0,9.0,500.0,H,M
Almacen 476,414.0,649.0,86.0,183.0,H,H
Almacen 477,4.0,2222.0,2.0,4.0,V,V
Almacen 478,74.0,2222.0,100.0,122.0,V,V
Almacen 479,-2.0,1500.0,817.0,836.0,V,V
Almacen 480,-2.0,500.0,115.0,167.0,V,V
Almacen 481,678.0,1421.0,68.0,243.0,H,V
Almacen 482,1.0,0.0,500.0,500.0,M,V
Almacen 483,0.0,0.0,500.0,500.0,M,M
Almacen 484,44.0,49.0,500.0,11.0,H,H
Almacen 485,0.0,0.0,500.0,500.0,M,M
Almacen 486,0.0,0.0,500.0,500.0,M,M
Almacen 487,0.0,0.0,500.0,500.0,M,M
Almacen 488,8.0,0.0,500.0,500.0,M,V
Almacen 489,0.0,504.0,242.0,500.0,H,M
Almacen 490,3.0,4.0,500.0,3.0,H,H
Almacen 491,1.0,0.0,500.0,500.0,M,V
Almacen 492,6.0,7.0,500.0,2.0,H,H
Almacen 493,2.0,0.0,500.0,500.0,M,V
Almacen 494,695.0,2222.0,224.0,229.0,V,V
Almacen 495,283.0,2222.0,500.0,3.0,V,V
Almacen 496,83.0,2222.0,11.0,18.0,V,V
Almacen 497,197.0,2222.0,56.0,98.0,V,V
Almacen 498,245.0,2222.0,500.0,500.0,V,V
Almacen 499,7.0,8.0,500.0,7.0,H,H
Almacen 500,1.0,2.0,500.0,1.0,H,H
Almacen 501,0.0,0.0,500.0,500.0,M,M
Almacen 502,183.0,202.0,500.0,120.0,H,H
Almacen 503,0.0,0.0,500.0,500.0,M,M
Almacen 504,753.0,2222.0,72.0,168.0,V,V
Almacen 505,449.0,2222.0,49.0,135.0,V,V
Almacen 506,2.0,3.0,500.0,1.0,H,H
Almacen 507,-36.0,366.0,38.0,33.0,H,V
Almacen 508,2.0,3.0,500.0,2.0,H,H
Almacen 509,0.0,0.0,500.0,500.0,M,M
Almacen 510,2.0,2000.0,500.0,500.0,V,V
Almacen 511,0.0,0.0,500.0,500.0,M,M
Almacen 512,0.0,0.0,500.0,500.0,M,M
Almacen 513,1.0,2.0,500.0,1.0,H,H
Almacen 514,0.0,0.0,500.0,500.0,M,M
Almacen 515,0.0,0.0,500.0,500.0,M,M
Almacen 516,0.0,0.0,500.0,500.0,M,M
Almacen 517,0.0,0.0,500.0,500.0,M,M
Almacen 518,0.0,387.0,217.0,500.0,H,M
Almacen 519,329.0,3144.0,156.0,297.0,H,V
Almacen 520,0.0,10.0,8.0,500.0,H,M
Almacen 521,0.0,4.0,2.0,500.0,H,M
Almacen 522,215.0,237.0,500.0,53.0,H,H
Almacen 523,0.0,0.0,500.0,500.0,M,M
Almacen 524,101.0,2222.0,8.0,500.0,V,V
Almacen 525,0.0,0.0,500.0,500.0,M,M
Almacen 526,0.0,0.0,500.0,500.0,M,M
Almacen 527,0.0,115.0,96.0,500.0,H,M
Almacen 528,7.0,8.0,500.0,2.0,H,H
Almacen 529,252.0,278.0,500.0,108.0,H,H
Almacen 530,0.0,0.0,500.0,500.0,M,M
Almacen 531,0.0,0.0,500.0,500.0,M,M
Almacen 532,0.0,0.0,500.0,500.0,M,M
Almacen 533,0.0,0.0,500.0,500.0,M,M
Almacen 534,1.0,5000.0,48.0,500.0,V,V
Almacen 535,263.0,290.0,500.0,51.0,H,H
Almacen 536,0.0,0.0,500.0,500.0,M,M
Almacen 537,1.0,2.0,500.0,1.0,H,H
Almacen 538,0.0,0.0,500.0,500.0,M,M
Almacen 539,1.0,2222.0,29.0,16.0,V,V
Almacen 540,0.0,0.0,500.0,500.0,M,M
Almacen 541,540.0,594.0,500.0,88.0,H,H
Almacen 542,0.0,0.0,500.0,500.0,M,M
Almacen 543,148.0,163.0,500.0,84.0,H,H
Almacen 544,0.0,0.0,500.0,500.0,M,M
Almacen 545,0.0,0.0,500.0,500.0,M,M
Almacen 546,402.0,443.0,500.0,100.0,H,H
Almacen 547,0.0,0.0,500.0,500.0,M,M
Almacen 548,0.0,0.0,500.0,500.0,M,M
Almacen 549,2060.0,2266.0,500.0,66.0,H,H
Almacen 550,0.0,450.0,55.0,500.0,H,M
Almacen 551,0.0,30436.0,3102.0,500.0,H,M
Almacen 552,3.0,4.0,500.0,2.0,H,H
Almacen 553,0.0,3957.0,1812.0,500.0,H,M
Almacen 554,281.0,310.0,500.0,66.0,H,H
Almacen 555,209.0,420.0,1.0,337.0,V,V
Almacen 556,0.0,3000.0,500.0,500.0,V,M
Almacen 557,0.0,2.0,1.0,500.0,H,M
Almacen 558,305.0,336.0,500.0,64.0,H,H
Almacen 559,0.0,0.0,500.0,500.0,M,M
Almacen 560,3.0,4.0,500.0,1.0,H,H
Almacen 561,135.0,149.0,500.0,24.0,H,H
Almacen 562,0.0,0.0,500.0,500.0,M,M
Almacen 563,0.0,0.0,500.0,500.0,M,M
Almacen 564,0.0,21806.0,2654.0,500.0,H,M
Almacen 565,0.0,189.0,143.0,500.0,H,M
Almacen 566,6.0,8.0,1.0,1.0,H,H
Almacen 567,0.0,0.0,500.0,500.0,M,M
Almacen 568,0.0,3000.0,500.0,500.0,V,M
Almacen 569,1.0,2.0,500.0,1.0,H,H
Almacen 570,0.0,0.0,500.0,500.0,M,M
Almacen 571,11864.0,13051.0,500.0,207.0,H,H
Almacen 572,0.0,0.0,500.0,500.0,M,M
Almacen 573,2895.0,3185.0,500.0,96.0,H,H
Almacen 574,4732.0,5206.0,500.0,130.0,H,H
Almacen 575,0.0,2000.0,500.0,500.0,V,M
Almacen 576,0.0,0.0,500.0,500.0,M,M
Almacen 577,430.0,644.0,66.0,48.0,H,H
Almacen 578,44.0,49.0,500.0,31.0,H,H
Almacen 579,0.0,230.0,209.0,500.0,H,M
Almacen 580,458.0,2000.0,86.0,500.0,V,V
Almacen 581,0.0,4255.0,3861.0,500.0,H,M
Almacen 582,1.0,2.0,500.0,1.0,H,H
Almacen 583,284.0,3500.0,9.0,14.0,V,V
Almacen 584,0.0,140.0,87.0,500.0,H,M
Almacen 585,0.0,0.0,500.0,500.0,M,M
Almacen 586,9.0,10.0,500.0,6.0,H,H
Almacen 587,33.0,37.0,500.0,14.0,H,H
Almacen 588,649.0,714.0,500.0,18.0,H,H
Almacen 589,1411.0,2500.0,500.0,96.0,V,H
Almacen 590,0.0,2500.0,500.0,500.0,V,M
Almacen 591,53.0,197.0,500.0,7.0,H,V
Almacen 592,953.0,1049.0,500.0,26.0,H,H
Almacen 593,32262.0,35489.0,500.0,304.0,H,H
Almacen 594,0.0,2000.0,500.0,500.0,V,M
Almacen 595,46515.0,51167.0,11.0,505.0,H,H
Almacen 596,0.0,2000.0,500.0,500.0,V,M
Almacen 597,320.0,352.0,500.0,14.0,H,H
Almacen 598,10847.0,11932.0,500.0,139.0,H,H
Almacen 599,0.0,0.0,500.0,500.0,M,M
Almacen 600,692.0,762.0,500.0,29.0,H,H
Almacen 601,38.0,42.0,500.0,9.0,H,H
Almacen 602,2231.0,2455.0,500.0,67.0,H,H
Almacen 603,0.0,0.0,500.0,500.0,M,M
Almacen 604,2448.0,2693.0,500.0,80.0,H,H
Almacen 605,54.0,60.0,500.0,31.0,H,H
Almacen 606,2.0,0.0,500.0,500.0,M,V
Almacen 607,1.0,2.0,1.0,500.0,H,V
Almacen 608,84.0,93.0,500.0,41.0,H,H
Almacen 609,1380.0,1519.0,500.0,239.0,H,H
Almacen 610,215.0,237.0,3.0,26.0,H,H
Almacen 611,0.0,42.0,38.0,500.0,H,M
Almacen 612,7.0,8.0,500.0,5.0,H,H
Almacen 613,1.0,0.0,500.0,500.0,M,V
Almacen 614,337.0,371.0,500.0,48.0,H,H
Almacen 615,1.0,2.0,500.0,1.0,H,H
Almacen 616,152.0,168.0,500.0,81.0,H,H
Almacen 617,10.0,11.0,500.0,4.0,H,H
Almacen 618,2522.0,2775.0,500.0,284.0,H,H
Almacen 619,663.0,500.0,500.0,249.0,V,V
Almacen 620,0.0,0.0,500.0,500.0,M,M
Almacen 621,0.0,0.0,500.0,500.0,M,M
Almacen 622,17998.0,25326.0,12755.0,2372.0,H,H
Almacen 623,9.0,2222.0,678.0,500.0,V,V
Almacen 624,97.0,2489.0,3.0,97.0,H,V
Almacen 625,1637.0,1971.0,1.0,176.0,H,H
Almacen 626,-62.0,3000.0,90.0,45.0,V,V
Almacen 627,3130.0,3000.0,3102.0,1010.0,V,V
Almacen 628,2752.0,3200.0,1.0,622.0,V,V
Almacen 629,0.0,0.0,500.0,500.0,M,M
Almacen 630,0.0,3000.0,500.0,500.0,V,M
Almacen 631,61.0,68.0,500.0,19.0,H,H
Almacen 632,0.0,0.0,500.0,500.0,M,M
Almacen 633,4128.0,6602.0,124.0,128.0,H,H
Almacen 634,0.0,0.0,500.0,500.0,M,M
Almacen 635,0.0,0.0,500.0,500.0,M,M
Almacen 636,1761.0,4014.0,500.0,390.0,V,V
Almacen 637,2.0,3.0,500.0,2.0,H,H
Almacen 638,32.0,36.0,500.0,16.0,H,H
Almacen 639,235.0,2222.0,55.0,38.0,V,V
Almacen 640,0.0,3000.0,500.0,500.0,V,M
Almacen 641,9991.0,11619.0,3732.0,1952.0,V,H
Almacen 642,37753.0,44650.0,10252.0,6665.0,V,V
Almacen 643,7302.0,10300.0,3707.0,4186.0,V,V
Almacen 644,2201.0,3000.0,615.0,656.0,V,V
Almacen 645,0.0,3000.0,500.0,500.0,V,M
Almacen 646,85.0,2222.0,18.0,47.0,V,V
Almacen 647,4672.0,4500.0,7.0,880.0,V,V
Almacen 648,1086.0,1195.0,500.0,93.0,H,H
Almacen 649,3115.0,3157.0,438.0,458.0,V,V
Almacen 650,1.0,2222.0,500.0,500.0,V,V
Almacen 651,1030.0,2222.0,177.0,125.0,V,V
Almacen 652,1243.0,4754.0,500.0,304.0,H,H
Almacen 653,2313.0,4400.0,840.0,958.0,V,H
Almacen 654,701.0,890.0,57.0,110.0,V,V
Almacen 655,1852.0,1500.0,284.0,342.0,V,V
Almacen 656,0.0,369.0,8.0,28.0,H,M
Almacen 657,0.0,0.0,500.0,500.0,M,M
Almacen 658,1338.0,1472.0,500.0,68.0,H,H
Almacen 659,860.0,3683.0,1364.0,208.0,V,V
Almacen 660,718.0,2222.0,170.0,160.0,V,V
Almacen 661,26.0,2222.0,5.0,6.0,V,V
Almacen 662,41.0,2222.0,42.0,42.0,V,V
Almacen 663,2409.0,3000.0,500.0,568.0,V,V
Almacen 664,1180.0,2236.0,807.0,341.0,H,H
Almacen 665,1.0,0.0,500.0,500.0,M,V
Almacen 666,118.0,2222.0,168.0,27.0,V,V
Almacen 667,1.0,2222.0,9.0,6.0,V,V
Almacen 668,3379.0,2222.0,224.0,248.0,V,V
Almacen 669,6102.0,6649.0,500.0,378.0,H,H
Almacen 670,3.0,4.0,500.0,3.0,H,H
Almacen 671,45292.0,77812.0,4074.0,920.0,H,H
Almacen 672,1.0,0.0,500.0,500.0,M,V
Almacen 673,8.0,0.0,500.0,500.0,M,V
Almacen 674,1.0,0.0,500.0,500.0,M,V
Almacen 675,1.0,2222.0,500.0,500.0,V,V
Almacen 676,9225.0,2222.0,519.0,518.0,V,V
Almacen 677,638.0,2222.0,68.0,98.0,V,V
Almacen 678,1.0,2.0,500.0,1.0,H,H
Almacen 679,368.0,405.0,500.0,186.0,H,H
Almacen 680,4181.0,5884.0,8.0,606.0,H,H
Almacen 681,550.0,700.0,81.0,36.0,H,H
Almacen 682,216.0,3500.0,335.0,308.0,V,V
Almacen 683,899.0,3500.0,365.0,452.0,V,V
Almacen 684,0.0,1500.0,500.0,500.0,V,M
Almacen 685,1268.0,2000.0,89.0,123.0,V,H
Almacen 686,66.0,73.0,1.0,7.0,H,H
Almacen 687,1.0,2.0,500.0,1.0,H,H
Almacen 688,1.0,500.0,133.0,405.0,V,V
Almacen 689,258.0,2222.0,256.0,378.0,V,V
Almacen 690,40.0,1464.0,178.0,174.0,H,V
Almacen 691,1902.0,2556.0,36.0,430.0,H,V
Almacen 692,16888.0,41425.0,1634.0,408.0,H,V
Almacen 693,4974.0,5472.0,500.0,292.0,H,H
Almacen 694,2618.0,4122.0,292.0,564.0,V,V
Almacen 695,1270.0,1460.0,9.0,706.0,H,V
Almacen 696,467.0,650.0,285.0,34.0,V,V
Almacen 697,1092.0,3117.0,42.0,542.0,H,H
Almacen 698,1079.0,1185.0,500.0,37.0,H,H
Almacen 699,207.0,245.0,7.0,16.0,H,H
Almacen 700,2.0,3.0,500.0,1.0,H,H
Almacen 701,0.0,0.0,500.0,500.0,M,M
Almacen 702,12640.0,15000.0,1055.0,1037.0,V,H
Almacen 703,1.0,3.0,1.0,500.0,H,V
Almacen 704,10.0,0.0,500.0,500.0,M,V
Almacen 705,40.0,9.0,500.0,8.0,H,V
Almacen 706,11943.0,15436.0,716.0,470.0,H,H
Almacen 707,7.0,8.0,500.0,5.0,H,H
Almacen 708,1409.0,2222.0,901.0,582.0,V,V
Almacen 709,0.0,0.0,500.0,500.0,M,M
Almacen 710,1.0,0.0,500.0,500.0,M,V
Almacen 711,6801.0,17152.0,172.0,234.0,H,H
Almacen 712,-37.0,1487.0,88.0,135.0,H,V
Almacen 713,247.0,272.0,500.0,23.0,H,H
Almacen 714,1174.0,1292.0,500.0,125.0,H,H
Almacen 715,29.0,2222.0,8.0,14.0,V,V
Almacen 716,0.0,35.0,6.0,1.0,H,M
Almacen 717,1139.0,1253.0,1.0,41.0,H,H
Almacen 718,2.0,3.0,500.0,2.0,H,H
Almacen 719,0.0,0.0,500.0,500.0,M,M
Almacen 720,938.0,2322.0,2.0,174.0,H,H
Almacen 721,2781.0,5700.0,344.0,587.0,V,V
Almacen 722,1.0,2222.0,500.0,500.0,V,V
Almacen 723,1.0,0.0,500.0,500.0,M,V
Almacen 724,1054.0,2222.0,134.0,153.0,V,V
Almacen 725,0.0,0.0,500.0,500.0,M,M
Almacen 726,67.0,3341.0,381.0,110.0,H,H
Almacen 727,0.0,0.0,500.0,500.0,M,M
Almacen 728,3511.0,3208.0,500.0,574.0,H,V
Almacen 729,6.0,2222.0,6.0,12.0,V,V
Almacen 730,6814.0,16508.0,5070.0,2117.0,H,H
Almacen 731,103.0,2222.0,211.0,180.0,V,V
Almacen 732,6789.0,8184.0,247.0,557.0,H,H
Almacen 733,0.0,0.0,500.0,500.0,M,M
Almacen 734,1889.0,3433.0,3084.0,205.0,V,V
Almacen 735,241.0,2222.0,57.0,140.0,V,V
Almacen 736,5.0,500.0,112.0,218.0,V,V
Almacen 737,201.0,222.0,500.0,64.0,H,H
Almacen 738,101.0,112.0,500.0,27.0,H,H
Almacen 739,17826.0,49860.0,500.0,382.0,H,V
Almacen 740,18305.0,48209.0,500.0,412.0,H,V
Almacen 741,0.0,0.0,500.0,500.0,M,M
Almacen 742,183.0,173.0,500.0,42.0,H,V
Almacen 743,19.0,80.0,500.0,16.0,H,V
Almacen 744,1.0,2.0,500.0,1.0,H,H
Almacen 745,1.0,0.0,500.0,500.0,M,V
Almacen 746,1.0,0.0,500.0,500.0,M,V
Almacen 747,0.0,0.0,500.0,500.0,M,M
Almacen 748,174.0,403.0,500.0,26.0,H,V
Almacen 749,13.0,15.0,500.0,5.0,H,H
Almacen 750,0.0,0.0,500.0,500.0,M,M
Almacen 751,311.0,343.0,500.0,35.0,H,H
Almacen 752,310.0,341.0,500.0,136.0,H,H
Almacen 753,52.0,58.0,500.0,16.0,H,H
Almacen 754,6687.0,7356.0,500.0,1425.0,H,H
Almacen 755,1179.0,1297.0,500.0,184.0,H,H
Almacen 756,1238.0,1362.0,500.0,139.0,H,H
Almacen 757,0.0,0.0,500.0,500.0,M,M
Almacen 758,1.0,0.0,500.0,500.0,M,V
Almacen 759,2061.0,2268.0,500.0,380.0,H,H
Almacen 760,386.0,425.0,500.0,80.0,H,H
Almacen 761,555.0,611.0,500.0,61.0,H,H
Almacen 762,2079.0,2287.0,500.0,464.0,H,H
Almacen 763,141.0,0.0,500.0,500.0,M,V
Almacen 764,0.0,892.0,599.0,500.0,H,M
Almacen 765,2144.0,0.0,500.0,500.0,M,V
Almacen 766,2340.0,2222.0,219.0,293.0,V,V
Almacen 767,66.0,0.0,500.0,500.0,M,V
Almacen 768,1.0,558.0,87.0,135.0,H,V
Almacen 769,1.0,0.0,500.0,500.0,M,V
Almacen 770,959.0,0.0,500.0,500.0,M,V
Almacen 771,986.0,2222.0,181.0,273.0,V,V
Almacen 772,765.0,0.0,500.0,500.0,M,V
Almacen 773,619.0,2222.0,117.0,232.0,V,V
Almacen 774,27.0,2222.0,146.0,143.0,V,V
Almacen 775,0.0,2.0,1.0,500.0,H,M
Almacen 776,7.0,0.0,500.0,500.0,M,V
Almacen 777,292.0,2222.0,434.0,1050.0,V,V
Almacen 778,0.0,18.0,16.0,500.0,H,M
Almacen 779,1.0,14.0,11.0,4.0,H,H
Almacen 780,1.0,0.0,500.0,500.0,M,V
Almacen 781,0.0,9117.0,1062.0,186.0,H,M
Almacen 782,887.0,0.0,500.0,500.0,M,V
Almacen 783,850.0,2222.0,142.0,232.0,V,V
Almacen 784,0.0,0.0,500.0,500.0,M,M
Almacen 785,11.0,0.0,500.0,500.0,M,V
Almacen 786,2.0,0.0,500.0,500.0,M,V
Almacen 787,480.0,0.0,500.0,500.0,M,V
Almacen 788,200.0,15000.0,200.0,189.0,V,V
Almacen 789,255.0,15000.0,439.0,480.0,V,V
Almacen 790,0.0,24.0,21.0,500.0,H,M
Almacen 791,835.0,2222.0,1433.0,572.0,V,V
Almacen 792,1784.0,1963.0,500.0,135.0,H,H
Almacen 793,2463.0,8000.0,1898.0,1629.0,V,V
Almacen 794,77.0,3222.0,500.0,153.0,H,V
Almacen 795,87.0,96.0,500.0,9.0,H,H
Almacen 796,1214.0,1336.0,500.0,153.0,H,H
Almacen 797,2.0,3.0,500.0,1.0,H,H
Almacen 798,247.0,2222.0,375.0,171.0,V,V
Almacen 799,4938.0,15274.0,198.0,690.0,H,V
Almacen 800,9357.0,15000.0,2425.0,1606.0,V,V
Almacen 801,34733.0,38207.0,173.0,367.0,H,H
Almacen 802,16.0,2222.0,101.0,113.0,V,V
Almacen 803,4784.0,2222.0,94.0,389.0,V,V
Almacen 804,5377.0,5000.0,500.0,867.0,V,V
Almacen 805,1761.0,1938.0,500.0,20.0,H,H
Almacen 806,1.0,2.0,500.0,1.0,H,H
Almacen 807,19.0,4.0,2.0,500.0,H,V
Almacen 808,773.0,851.0,500.0,72.0,H,H
Almacen 809,5206.0,17059.0,500.0,170.0,H,V
Almacen 810,1.0,2.0,500.0,1.0,H,H
Almacen 811,-272.0,7371.0,588.0,583.0,H,V
Almacen 812,2.0,3.0,500.0,1.0,H,H
Almacen 813,2.0,3.0,500.0,2.0,H,H
Almacen 814,156.0,0.0,500.0,500.0,M,V
Almacen 815,407.0,1359.0,500.0,28.0,H,V
Almacen 816,1.0,0.0,500.0,500.0,M,V
Almacen 817,23.0,0.0,500.0,500.0,M,V
Almacen 818,211.0,233.0,500.0,161.0,H,H
Almacen 819,898.0,6158.0,500.0,185.0,H,V
Almacen 820,1.0,2.0,500.0,1.0,H,H
Almacen 821,0.0,0.0,500.0,500.0,M,M
Almacen 822,467.0,514.0,500.0,89.0,H,H
Almacen 823,5.0,6.0,500.0,1.0,H,H
Almacen 824,1.0,2.0,500.0,1.0,H,H
Almacen 825,4322.0,6500.0,4260.0,207.0,V,V
Almacen 826,0.0,0.0,500.0,500.0,M,M
Almacen 827,0.0,0.0,500.0,500.0,M,M
Almacen 828,4788.0,4457.0,3394.0,500.0,V,V
Almacen 829,432.0,2222.0,500.0,171.0,V,V
Almacen 830,88.0,97.0,500.0,10.0,H,H
Almacen 831,1201.0,1322.0,500.0,40.0,H,H
Almacen 832,1.0,2.0,500.0,1.0,H,H
Almacen 833,1.0,2.0,500.0,1.0,H,H
Almacen 834,171.0,189.0,500.0,14.0,H,H
Almacen 835,101.0,112.0,500.0,7.0,H,H
Almacen 836,26.0,29.0,500.0,6.0,H,H
Almacen 837,58.0,64.0,500.0,38.0,H,H
Almacen 838,64.0,71.0,500.0,11.0,H,H
Almacen 839,60.0,66.0,500.0,16.0,H,H
Almacen 840,835.0,919.0,500.0,236.0,H,H
Almacen 841,538.0,592.0,500.0,66.0,H,H
Almacen 842,1109.0,1220.0,500.0,146.0,H,H
Almacen 843,317.0,349.0,500.0,13.0,H,H
Almacen 844,274.0,302.0,500.0,11.0,H,H
Almacen 845,357.0,393.0,500.0,17.0,H,H
Almacen 846,196.0,216.0,500.0,8.0,H,H
Almacen 847,139.0,153.0,500.0,10.0,H,H
Almacen 848,497.0,547.0,500.0,28.0,H,H
Almacen 849,106.0,117.0,500.0,6.0,H,H
Almacen 850,393.0,433.0,500.0,14.0,H,H
Almacen 851,277.0,305.0,500.0,20.0,H,H
Almacen 852,95.0,105.0,500.0,9.0,H,H
Almacen 853,245.0,270.0,500.0,14.0,H,H
Almacen 854,314.0,346.0,500.0,19.0,H,H
Almacen 855,491.0,541.0,500.0,20.0,H,H
Almacen 856,206.0,227.0,500.0,9.0,H,H
Almacen 857,44.0,49.0,500.0,3.0,H,H
Almacen 858,113.0,125.0,500.0,6.0,H,H
Almacen 859,44.0,49.0,500.0,6.0,H,H
Almacen 860,435.0,479.0,500.0,72.0,H,H
Almacen 861,526.0,579.0,500.0,30.0,H,H
Almacen 862,122.0,135.0,500.0,8.0,H,H
Almacen 863,829.0,912.0,500.0,65.0,H,H
Almacen 864,184.0,203.0,500.0,9.0,H,H
Almacen 865,399.0,439.0,500.0,62.0,H,H
Almacen 866,679.0,747.0,500.0,20.0,H,H
Almacen 867,857.0,943.0,500.0,30.0,H,H
Almacen 868,455.0,501.0,500.0,35.0,H,H
Almacen 869,365.0,402.0,500.0,20.0,H,H
Almacen 870,442.0,487.0,500.0,18.0,H,H
Almacen 871,252.0,278.0,500.0,12.0,H,H
Almacen 872,197.0,217.0,500.0,15.0,H,H
Almacen 873,287.0,316.0,500.0,14.0,H,H
Almacen 874,11.0,13.0,500.0,4.0,H,H
Almacen 875,687.0,756.0,500.0,40.0,H,H
Almacen 876,602.0,663.0,500.0,120.0,H,H
Almacen 877,34.0,38.0,500.0,4.0,H,H
Almacen 878,217.0,239.0,500.0,13.0,H,H
Almacen 879,209.0,230.0,500.0,12.0,H,H
Almacen 880,405.0,446.0,500.0,12.0,H,H
Almacen 881,290.0,319.0,500.0,16.0,H,H
Almacen 882,162.0,179.0,500.0,8.0,H,H
Almacen 883,442.0,487.0,500.0,14.0,H,H
Almacen 884,205.0,226.0,500.0,10.0,H,H
Almacen 885,293.0,323.0,500.0,13.0,H,H
Almacen 886,772.0,850.0,500.0,40.0,H,H
Almacen 887,45.0,50.0,500.0,6.0,H,H
Almacen 888,38.0,42.0,500.0,8.0,H,H
Almacen 889,259.0,285.0,500.0,14.0,H,H
Almacen 890,326.0,359.0,500.0,13.0,H,H
Almacen 891,172.0,190.0,500.0,13.0,H,H
Almacen 892,244.0,269.0,500.0,11.0,H,H
Almacen 893,621.0,684.0,500.0,18.0,H,H
Almacen 894,112.0,124.0,500.0,8.0,H,H
Almacen 895,235.0,259.0,500.0,11.0,H,H
Almacen 896,421.0,464.0,500.0,37.0,H,H
Almacen 897,178.0,196.0,500.0,9.0,H,H
Almacen 898,418.0,460.0,500.0,22.0,H,H
Almacen 899,45.0,50.0,500.0,4.0,H,H
Almacen 900,235.0,259.0,500.0,15.0,H,H
Almacen 901,197.0,217.0,500.0,10.0,H,H
Almacen 902,195.0,215.0,500.0,10.0,H,H
Almacen 903,158.0,174.0,500.0,19.0,H,H
Almacen 904,207.0,228.0,500.0,8.0,H,H
Almacen 905,299.0,329.0,500.0,18.0,H,H
Almacen 906,65.0,72.0,500.0,8.0,H,H
Almacen 907,117.0,129.0,500.0,7.0,H,H
Almacen 908,290.0,319.0,500.0,11.0,H,H
Almacen 909,101.0,112.0,500.0,7.0,H,H
Almacen 910,47.0,52.0,500.0,4.0,H,H
Almacen 911,54.0,60.0,500.0,6.0,H,H
Almacen 912,126.0,139.0,500.0,8.0,H,H
Almacen 913,71.0,79.0,500.0,7.0,H,H
Almacen 914,211.0,233.0,500.0,28.0,H,H
Almacen 915,116.0,128.0,500.0,7.0,H,H
Almacen 916,152.0,168.0,500.0,17.0,H,H
Almacen 917,95.0,105.0,500.0,8.0,H,H
Almacen 918,81.0,90.0,500.0,10.0,H,H
Almacen 919,328.0,361.0,500.0,13.0,H,H
Almacen 920,136.0,150.0,500.0,11.0,H,H
Almacen 921,2.0,3.0,500.0,2.0,H,H
Almacen 922,151.0,167.0,500.0,12.0,H,H
Almacen 923,212.0,234.0,500.0,14.0,H,H
Almacen 924,1.0,2.0,500.0,1.0,H,H
Almacen 925,76.0,84.0,500.0,8.0,H,H
Almacen 926,83.0,92.0,500.0,7.0,H,H
Almacen 927,77.0,85.0,500.0,5.0,H,H
Almacen 928,35.0,39.0,500.0,4.0,H,H
Almacen 929,183.0,202.0,500.0,13.0,H,H
Almacen 930,221.0,244.0,500.0,14.0,H,H
Almacen 931,79.0,87.0,500.0,6.0,H,H
Almacen 932,497.0,547.0,500.0,22.0,H,H
Almacen 933,307.0,338.0,500.0,13.0,H,H
Almacen 934,375.0,413.0,500.0,15.0,H,H
Almacen 935,75.0,83.0,500.0,8.0,H,H
Almacen 936,248.0,273.0,500.0,16.0,H,H
Almacen 937,391.0,431.0,500.0,29.0,H,H
Almacen 938,105.0,116.0,500.0,7.0,H,H
Almacen 939,297.0,327.0,500.0,14.0,H,H
Almacen 940,119.0,131.0,500.0,8.0,H,H
Almacen 941,499.0,549.0,500.0,22.0,H,H
Almacen 942,664.0,731.0,500.0,43.0,H,H
Almacen 943,611.0,673.0,500.0,22.0,H,H
Almacen 944,290.0,319.0,500.0,11.0,H,H
Almacen 945,194.0,214.0,500.0,9.0,H,H
Almacen 946,282.0,311.0,500.0,22.0,H,H
Almacen 947,40.0,44.0,500.0,6.0,H,H
Almacen 948,245.0,270.0,500.0,19.0,H,H
Almacen 949,36.0,40.0,500.0,5.0,H,H
Almacen 950,44.0,49.0,500.0,5.0,H,H
Almacen 951,1.0,2.0,500.0,1.0,H,H
Almacen 952,10.0,11.0,500.0,2.0,H,H
Almacen 953,203.0,224.0,500.0,113.0,H,H
Almacen 954,59.0,65.0,500.0,20.0,H,H
Almacen 955,95.0,105.0,500.0,26.0,H,H
Almacen 956,1.0,2.0,500.0,1.0,H,H
Almacen 957,163.0,180.0,500.0,10.0,H,H
Almacen 958,55.0,61.0,500.0,4.0,H,H
Almacen 959,170.0,188.0,500.0,12.0,H,H
Almacen 960,137.0,151.0,500.0,9.0,H,H
Almacen 961,310.0,341.0,500.0,15.0,H,H
Almacen 962,226.0,249.0,500.0,17.0,H,H
Almacen 963,102.0,113.0,500.0,9.0,H,H
Almacen 964,338.0,372.0,500.0,16.0,H,H
Almacen 965,111.0,123.0,500.0,8.0,H,H
Almacen 966,37.0,41.0,500.0,3.0,H,H
Almacen 967,67.0,74.0,500.0,22.0,H,H
Almacen 968,278.0,306.0,500.0,24.0,H,H
Almacen 969,90.0,100.0,500.0,5.0,H,H
Almacen 970,454.0,500.0,500.0,28.0,H,H
Almacen 971,86.0,95.0,500.0,4.0,H,H
Almacen 972,176.0,194.0,500.0,12.0,H,H
Almacen 973,232.0,256.0,500.0,10.0,H,H
Almacen 974,431.0,475.0,500.0,17.0,H,H
Almacen 975,68.0,75.0,500.0,8.0,H,H
Almacen 976,100.0,111.0,500.0,13.0,H,H
Almacen 977,154.0,170.0,500.0,10.0,H,H
Almacen 978,70.0,77.0,500.0,5.0,H,H
Almacen 979,183.0,202.0,500.0,10.0,H,H
Almacen 980,421.0,464.0,500.0,28.0,H,H
Almacen 981,90.0,100.0,500.0,15.0,H,H
Almacen 982,20.0,22.0,500.0,4.0,H,H
Almacen 983,27.0,30.0,500.0,4.0,H,H
Almacen 984,58.0,64.0,500.0,5.0,H,H
Almacen 985,121.0,134.0,500.0,4.0,H,H
Almacen 986,83.0,92.0,500.0,8.0,H,H
Almacen 987,41.0,46.0,500.0,5.0,H,H
Almacen 988,146.0,161.0,500.0,9.0,H,H
Almacen 989,77.0,85.0,500.0,5.0,H,H
Almacen 990,71.0,79.0,500.0,5.0,H,H
Almacen 991,152.0,168.0,500.0,8.0,H,H
Almacen 992,47.0,52.0,500.0,4.0,H,H
Almacen 993,110.0,122.0,500.0,16.0,H,H
Almacen 994,80.0,88.0,500.0,7.0,H,H
Almacen 995,62.0,69.0,500.0,6.0,H,H
Almacen 996,91.0,101.0,500.0,6.0,H,H
Almacen 997,95.0,105.0,500.0,7.0,H,H
Almacen 998,152.0,168.0,500.0,20.0,H,H
Almacen 999,39.0,43.0,500.0,12.0,H,H
Almacen 1000,39.0,43.0,500.0,13.0,H,H
Almacen 1001,23.0,26.0,500.0,4.0,H,H
Almacen 1002,94.0,104.0,500.0,7.0,H,H
Almacen 1003,90.0,100.0,500.0,7.0,H,H
Almacen 1004,47.0,52.0,500.0,3.0,H,H
Almacen 1005,112.0,124.0,500.0,8.0,H,H
Almacen 1006,93.0,103.0,500.0,10.0,H,H
Almacen 1007,94.0,104.0,500.0,16.0,H,H
Almacen 1008,75.0,83.0,500.0,6.0,H,H
Almacen 1009,45.0,50.0,500.0,5.0,H,H
Almacen 1010,88.0,97.0,500.0,5.0,H,H
Almacen 1011,49.0,54.0,500.0,5.0,H,H
Almacen 1012,65.0,72.0,500.0,5.0,H,H
Almacen 1013,56.0,62.0,500.0,5.0,H,H
Almacen 1014,1.0,2.0,500.0,1.0,H,H
Almacen 1015,34.0,38.0,500.0,3.0,H,H
Almacen 1016,30.0,33.0,500.0,5.0,H,H
Almacen 1017,135.0,149.0,500.0,8.0,H,H
Almacen 1018,64.0,71.0,500.0,7.0,H,H
Almacen 1019,126.0,139.0,500.0,13.0,H,H
Almacen 1020,46.0,51.0,500.0,4.0,H,H
Almacen 1021,38.0,42.0,500.0,3.0,H,H
Almacen 1022,134.0,148.0,500.0,17.0,H,H
Almacen 1023,40.0,44.0,500.0,8.0,H,H
Almacen 1024,187.0,206.0,500.0,7.0,H,H
Almacen 1025,63.0,70.0,500.0,6.0,H,H
Almacen 1026,114.0,126.0,500.0,8.0,H,H
Almacen 1027,75.0,83.0,500.0,5.0,H,H
Almacen 1028,332.0,366.0,500.0,25.0,H,H
Almacen 1029,6.0,7.0,500.0,3.0,H,H
Almacen 1030,96.0,106.0,500.0,7.0,H,H
Almacen 1031,246.0,271.0,500.0,12.0,H,H
Almacen 1032,268.0,295.0,500.0,22.0,H,H
Almacen 1033,155.0,171.0,500.0,9.0,H,H
Almacen 1034,109.0,120.0,500.0,7.0,H,H
Almacen 1035,104.0,115.0,500.0,9.0,H,H
Almacen 1036,1.0,2.0,500.0,1.0,H,H
Almacen 1037,1790.0,11000.0,964.0,1078.0,V,V
Almacen 1038,1491.0,1641.0,500.0,41.0,H,H
Almacen 1039,61.0,68.0,500.0,6.0,H,H
Almacen 1040,6.0,7.0,500.0,2.0,H,H
Almacen 1041,8291.0,19821.0,48.0,646.0,H,V
Almacen 1042,1.0,2.0,500.0,1.0,H,H
Almacen 1043,60.0,2222.0,149.0,133.0,V,V
Almacen 1044,69.0,76.0,500.0,8.0,H,H
Almacen 1045,3297.0,7002.0,500.0,272.0,H,V
Almacen 1046,22.0,25.0,500.0,15.0,H,H
Almacen 1047,4804.0,5285.0,500.0,142.0,H,H
Almacen 1048,24.0,27.0,500.0,4.0,H,H
Almacen 1049,3.0,4.0,500.0,2.0,H,H
Almacen 1050,3.0,2222.0,500.0,128.0,V,V
Almacen 1051,1.0,0.0,500.0,500.0,M,V
Almacen 1052,0.0,1863.0,95.0,48.0,H,M
Almacen 1053,953.0,1049.0,500.0,234.0,H,H
Almacen 1054,0.0,0.0,500.0,500.0,M,M
Almacen 1055,15.0,17.0,500.0,15.0,H,H
Almacen 1056,1297.0,1464.0,500.0,91.0,H,V
Almacen 1057,0.0,0.0,500.0,500.0,M,M
Almacen 1058,7476.0,8224.0,500.0,110.0,H,H
Almacen 1059,419.0,461.0,500.0,143.0,H,H
Almacen 1060,9139.0,9092.0,500.0,243.0,H,V
Almacen 1061,16756.0,6283.0,500.0,343.0,H,V
Almacen 1062,23.0,26.0,500.0,20.0,H,H
Almacen 1063,5.0,6.0,500.0,3.0,H,H
Almacen 1064,2022.0,2225.0,500.0,1011.0,H,H
Almacen 1065,1.0,2222.0,170.0,1170.0,V,V
Almacen 1066,0.0,0.0,500.0,500.0,M,M
Almacen 1067,3222.0,4300.0,1.0,456.0,V,V
Almacen 1068,751.0,2000.0,500.0,396.0,V,V
Almacen 1069,15.0,1208.0,500.0,73.0,H,V
Almacen 1070,0.0,0.0,500.0,500.0,M,M
Almacen 1071,1525.0,4000.0,500.0,244.0,V,V
Almacen 1072,4697.0,5167.0,500.0,105.0,H,H
Almacen 1073,0.0,0.0,500.0,500.0,M,M
Almacen 1074,6.0,0.0,500.0,500.0,M,V
Almacen 1075,25.0,0.0,500.0,500.0,M,V
Almacen 1076,215.0,1750.0,500.0,106.0,V,V
Almacen 1077,12.0,0.0,500.0,500.0,M,V
Almacen 1078,177.0,0.0,500.0,500.0,M,V
Almacen 1079,422.0,465.0,500.0,106.0,H,H
Almacen 1080,30.0,0.0,500.0,500.0,M,V
Almacen 1081,1402.0,3700.0,500.0,254.0,V,V
Almacen 1082,199.0,1350.0,500.0,73.0,V,V
Almacen 1083,869.0,2222.0,500.0,802.0,V,V
Almacen 1084,0.0,0.0,7.0,7.0,M,M
Almacen 1085,2880.0,3000.0,500.0,503.0,V,V
Almacen 1086,2927.0,5500.0,500.0,822.0,V,V
Almacen 1087,5196.0,8000.0,5.0,794.0,V,V
Almacen 1088,1960.0,3100.0,500.0,201.0,V,V
Almacen 1089,5.0,6.0,500.0,1.0,H,H
Almacen 1090,1.0,2.0,500.0,1.0,H,H
Almacen 1091,0.0,0.0,500.0,500.0,M,M
Almacen 1092,0.0,0.0,500.0,500.0,M,M
Almacen 1093,0.0,0.0,500.0,500.0,M,M
Almacen 1094,1233.0,1357.0,500.0,190.0,H,H
Almacen 1095,27.0,30.0,500.0,12.0,H,H
Almacen 1096,716.0,788.0,500.0,116.0,H,H
Almacen 1097,511.0,563.0,500.0,84.0,H,H
Almacen 1098,1.0,2.0,500.0,1.0,H,H
Almacen 1099,13189.0,13667.0,216.0,3397.0,V,V
Almacen 1100,5519.0,5700.0,500.0,2438.0,V,V
Almacen 1101,6421.0,10045.0,155.0,2649.0,H,H
Almacen 1102,0.0,0.0,500.0,500.0,M,M
Almacen 1103,1189.0,1308.0,500.0,89.0,H,H
Almacen 1104,1.0,2.0,500.0,1.0,H,H
Almacen 1105,304.0,335.0,500.0,19.0,H,H
Almacen 1106,0.0,0.0,500.0,500.0,M,M
Almacen 1107,25.0,28.0,500.0,7.0,H,H
Almacen 1108,6.0,7.0,500.0,4.0,H,H
Almacen 1109,832.0,1454.0,500.0,83.0,H,V
Almacen 1110,739.0,813.0,500.0,163.0,H,H
Almacen 1111,82.0,91.0,500.0,34.0,H,H
Almacen 1112,194.0,305.0,500.0,51.0,H,V
Almacen 1113,25.0,28.0,500.0,12.0,H,H
Almacen 1114,13256.0,16834.0,500.0,768.0,H,V
Almacen 1115,63.0,0.0,500.0,500.0,M,V
Almacen 1116,276.0,186.0,500.0,45.0,H,V
Almacen 1117,0.0,0.0,500.0,500.0,M,M
Almacen 1118,45.0,50.0,500.0,45.0,H,H
Almacen 1119,0.0,0.0,500.0,500.0,M,M
Almacen 1120,16.0,18.0,500.0,8.0,H,H
Almacen 1121,376.0,435.0,500.0,43.0,H,V
Almacen 1122,0.0,0.0,500.0,500.0,M,M
Almacen 1123,650.0,631.0,500.0,123.0,H,V
Almacen 1124,0.0,0.0,500.0,500.0,M,M
Almacen 1125,1.0,0.0,500.0,500.0,M,V
Almacen 1126,0.0,0.0,500.0,500.0,M,M
Almacen 1127,159.0,175.0,500.0,71.0,H,H
Almacen 1128,13740.0,29691.0,500.0,269.0,H,V
Almacen 1129,0.0,95.0,86.0,500.0,H,M
Almacen 1130,3077.0,3385.0,500.0,464.0,H,H
Almacen 1131,481.0,2222.0,213.0,245.0,V,V
Almacen 1132,12.0,14.0,500.0,8.0,H,H
Almacen 1133,5958.0,2222.0,500.0,412.0,V,V
Almacen 1134,2.0,3.0,500.0,1.0,H,H
Almacen 1135,2140.0,3169.0,1854.0,104.0,V,V
Almacen 1136,7.0,8.0,500.0,7.0,H,H
Almacen 1137,56.0,62.0,500.0,24.0,H,H
Almacen 1138,510.0,2222.0,500.0,98.0,V,V
Almacen 1139,0.0,2.0,1.0,500.0,H,M
Almacen 1140,0.0,0.0,500.0,500.0,M,M
Almacen 1141,31.0,35.0,500.0,11.0,H,H
Almacen 1142,13903.0,0.0,500.0,500.0,M,V
Almacen 1143,1.0,0.0,500.0,500.0,M,V
Almacen 1144,1433.0,0.0,500.0,500.0,M,V
Almacen 1145,7148.0,0.0,500.0,500.0,M,V
Almacen 1146,1330.0,605.0,500.0,179.0,H,V
Almacen 1147,300.0,330.0,500.0,200.0,H,H
Almacen 1148,2082.0,2291.0,500.0,300.0,H,H
Almacen 1149,40.0,44.0,500.0,40.0,H,H
Almacen 1150,6.0,7.0,500.0,4.0,H,H
Almacen 1151,16246.0,43540.0,1.0,1372.0,H,V
Almacen 1152,14.0,16.0,500.0,14.0,H,H
Almacen 1153,732.0,806.0,500.0,34.0,H,H
Almacen 1154,715.0,1784.0,500.0,56.0,H,V
Almacen 1155,1123.0,1236.0,500.0,1100.0,H,H
Almacen 1156,16.0,18.0,500.0,4.0,H,H
Almacen 1157,549.0,604.0,500.0,82.0,H,H
Almacen 1158,10206.0,11005.0,500.0,1802.0,H,V
Almacen 1159,14785.0,16264.0,500.0,3756.0,H,H
Almacen 1160,1336.0,1470.0,500.0,1336.0,H,H
Almacen 1161,0.0,0.0,500.0,500.0,M,M
Almacen 1162,0.0,0.0,500.0,500.0,M,M
Almacen 1163,13011.0,14313.0,500.0,334.0,H,H
Almacen 1164,3155.0,3471.0,500.0,110.0,H,H
Almacen 1165,527.0,2222.0,263.0,312.0,V,V
Almacen 1166,0.0,0.0,500.0,500.0,M,M
Almacen 1167,5494.0,11500.0,500.0,1252.0,V,V
Almacen 1168,2983.0,3282.0,500.0,68.0,H,H
Almacen 1169,454.0,500.0,500.0,454.0,H,H
Almacen 1170,237.0,261.0,500.0,159.0,H,H
Almacen 1171,1.0,0.0,500.0,500.0,M,V
Almacen 1172,80.0,88.0,500.0,64.0,H,H
Almacen 1173,1707.0,2500.0,500.0,2344.0,V,V
Almacen 1174,1964.0,6000.0,500.0,3433.0,V,V
Almacen 1175,2283.0,9200.0,500.0,921.0,V,V
Almacen 1176,21.0,24.0,500.0,18.0,H,H
Almacen 1177,9014.0,10000.0,500.0,916.0,V,V
Almacen 1178,0.0,0.0,500.0,500.0,M,M
Almacen 1179,163.0,150.0,500.0,34.0,H,V
Almacen 1180,0.0,0.0,500.0,500.0,M,M
Almacen 1181,122.0,135.0,500.0,54.0,H,H
Almacen 1182,1716.0,1888.0,500.0,1716.0,H,H
Almacen 1183,16735.0,37053.0,500.0,2096.0,H,V
Almacen 1184,2007.0,2208.0,500.0,204.0,H,H
Almacen 1185,20234.0,31133.0,500.0,2313.0,H,V
Almacen 1186,484.0,533.0,500.0,85.0,H,H
Almacen 1187,4.0,5.0,500.0,4.0,H,H
Almacen 1188,438.0,640.0,500.0,171.0,H,V
Almacen 1189,25.0,28.0,500.0,25.0,H,H
Almacen 1190,0.0,0.0,500.0,500.0,M,M
Almacen 1191,0.0,0.0,500.0,500.0,M,M
Almacen 1192,22407.0,10941.0,1.0,877.0,H,V
Almacen 1193,0.0,0.0,500.0,500.0,M,M
Almacen 1194,2916.0,3208.0,500.0,304.0,H,H
Almacen 1195,0.0,0.0,500.0,500.0,M,M
Almacen 1196,7.0,8.0,500.0,5.0,H,H
Almacen 1197,186.0,205.0,500.0,44.0,H,H
Almacen 1198,1.0,0.0,500.0,500.0,M,V
Almacen 1199,0.0,0.0,500.0,500.0,M,M
Almacen 1200,34.0,24.0,500.0,15.0,H,V
Almacen 1201,8.0,9.0,500.0,8.0,H,H
Almacen 1202,156.0,172.0,500.0,7.0,H,H
Almacen 1203,4334.0,4768.0,500.0,59.0,H,H
Almacen 1204,10317.0,25184.0,500.0,168.0,H,V
Almacen 1205,0.0,0.0,500.0,500.0,M,M
Almacen 1206,6912.0,8516.0,500.0,204.0,H,V
Almacen 1207,2622.0,2885.0,500.0,660.0,H,H
Almacen 1208,19.0,21.0,500.0,8.0,H,H
Almacen 1209,15741.0,11413.0,500.0,810.0,H,V
Almacen 1210,2077.0,2285.0,500.0,50.0,H,H
Almacen 1211,1.0,0.0,500.0,500.0,M,V
Almacen 1212,0.0,0.0,500.0,500.0,M,M
Almacen 1213,0.0,0.0,500.0,500.0,M,M
Almacen 1214,0.0,0.0,500.0,500.0,M,M
Almacen 1215,5700.0,0.0,500.0,500.0,M,V
Almacen 1216,8.0,0.0,500.0,500.0,M,V
Almacen 1217,28833.0,0.0,500.0,500.0,M,V
Almacen 1218,1.0,0.0,500.0,500.0,M,V
Almacen 1219,2.0,0.0,500.0,500.0,M,V
Almacen 1220,5999.0,0.0,500.0,500.0,M,V
Almacen 1221,2.0,0.0,500.0,500.0,M,V
Almacen 1222,3.0,0.0,500.0,500.0,M,V
Almacen 1223,1268.0,0.0,500.0,500.0,M,V
Almacen 1224,165.0,0.0,500.0,500.0,M,V
Almacen 1225,2.0,0.0,500.0,500.0,M,V
Almacen 1226,1.0,0.0,500.0,500.0,M,V
Almacen 1227,3.0,0.0,500.0,500.0,M,V
Almacen 1228,987.0,0.0,500.0,500.0,M,V
Almacen 1229,3648.0,4013.0,500.0,209.0,H,H
Almacen 1230,4007.0,19937.0,500.0,499.0,H,V
Almacen 1231,3.0,4.0,500.0,1.0,H,H
Almacen 1232,32.0,0.0,500.0,500.0,M,V
Almacen 1233,9570.0,10529.0,500.0,2000.0,H,H
Almacen 1234,1080.0,2097.0,500.0,43.0,H,V
Almacen 1235,88.0,97.0,500.0,22.0,H,H
Almacen 1236,1.0,37.0,500.0,8.0,H,V
Almacen 1237,644.0,753.0,500.0,96.0,H,V
Almacen 1238,6.0,7.0,500.0,4.0,H,H
Almacen 1239,0.0,0.0,500.0,500.0,M,M
Almacen 1240,121.0,134.0,500.0,22.0,H,H
Almacen 1241,25.0,28.0,500.0,8.0,H,H
Almacen 1242,0.0,0.0,500.0,500.0,M,M
Almacen 1243,366.0,403.0,500.0,37.0,H,H
Almacen 1244,0.0,0.0,500.0,500.0,M,M
Almacen 1245,2.0,3.0,500.0,2.0,H,H
Almacen 1246,707.0,778.0,500.0,97.0,H,H
Almacen 1247,475.0,523.0,500.0,32.0,H,H
Almacen 1248,408.0,449.0,500.0,43.0,H,H
Almacen 1249,4.0,5.0,500.0,4.0,H,H
Almacen 1250,0.0,0.0,500.0,500.0,M,M
Almacen 1251,2.0,0.0,500.0,500.0,M,V
Almacen 1252,297.0,0.0,500.0,500.0,M,V
Almacen 1253,741.0,336.0,500.0,46.0,H,V
Almacen 1254,26.0,29.0,500.0,8.0,H,H
Almacen 1255,2.0,3.0,500.0,1.0,H,H
Almacen 1256,2.0,0.0,500.0,500.0,M,V
Almacen 1257,0.0,0.0,500.0,500.0,M,M
Almacen 1258,17.0,38.0,500.0,7.0,H,V
Almacen 1259,367.0,404.0,500.0,20.0,H,H
Almacen 1260,22.0,25.0,500.0,18.0,H,H
Almacen 1261,1350.0,2222.0,500.0,1086.0,V,V
Almacen 1262,112.0,2222.0,500.0,99.0,V,V
Almacen 1263,430.0,474.0,500.0,55.0,H,H
Almacen 1264,1.0,2.0,500.0,1.0,H,H
Almacen 1265,101.0,112.0,500.0,15.0,H,H
Almacen 1266,616.0,2222.0,500.0,122.0,V,V
Almacen 1267,0.0,0.0,500.0,500.0,M,M
Almacen 1268,240.0,264.0,500.0,72.0,H,H
Almacen 1269,2747.0,2222.0,1.0,1277.0,V,V
Almacen 1270,18.0,20.0,500.0,8.0,H,H
Almacen 1271,11.0,13.0,500.0,11.0,H,H
Almacen 1272,173.0,191.0,500.0,38.0,H,H
Almacen 1273,5628.0,8370.0,500.0,998.0,H,V
Almacen 1274,248.0,273.0,500.0,40.0,H,H
Almacen 1275,0.0,0.0,500.0,500.0,M,M
Almacen 1276,64.0,71.0,500.0,16.0,H,H
Almacen 1277,52.0,0.0,500.0,500.0,M,V
Almacen 1278,0.0,0.0,500.0,500.0,M,M
Almacen 1279,49.0,54.0,500.0,26.0,H,H
Almacen 1280,0.0,0.0,500.0,500.0,M,M
Almacen 1281,134.0,148.0,500.0,21.0,H,H
Almacen 1282,0.0,0.0,500.0,500.0,M,M
Almacen 1283,152.0,168.0,500.0,28.0,H,H
Almacen 1284,445.0,243.0,500.0,62.0,H,V
Almacen 1285,221.0,190.0,500.0,30.0,H,V
Almacen 1286,0.0,0.0,500.0,500.0,M,M
Almacen 1287,2.0,0.0,500.0,500.0,M,V
Almacen 1288,34.0,38.0,500.0,7.0,H,H
Almacen 1289,3.0,4.0,500.0,3.0,H,H
Almacen 1290,0.0,463.0,241.0,500.0,H,M
Almacen 1291,1.0,7.0,500.0,6.0,H,V
Almacen 1292,0.0,167.0,99.0,500.0,H,M
Almacen 1293,0.0,314.0,160.0,500.0,H,M
Almacen 1294,1939.0,3000.0,500.0,74.0,V,V
Almacen 1295,6.0,7.0,500.0,6.0,H,H
Almacen 1296,0.0,0.0,500.0,500.0,M,M
Almacen 1297,671.0,739.0,500.0,20.0,H,H
Almacen 1298,333.0,2505.0,1532.0,86.0,H,H
Almacen 1299,4001.0,59824.0,500.0,684.0,H,V
Almacen 1300,3.0,4.0,500.0,3.0,H,H
Almacen 1301,75.0,83.0,500.0,16.0,H,H
Almacen 1302,5311.0,15222.0,1584.0,2544.0,V,V
Almacen 1303,0.0,2.0,1.0,500.0,H,M
Almacen 1304,104.0,115.0,500.0,95.0,H,H
Almacen 1305,1569.0,10240.0,846.0,9.0,V,V
Almacen 1306,0.0,0.0,500.0,500.0,M,M
Almacen 1307,1.0,2.0,500.0,1.0,H,H
Almacen 1308,0.0,1066.0,689.0,500.0,H,M
Almacen 1309,782.0,2222.0,2431.0,2672.0,V,V
Almacen 1310,124.0,2222.0,22.0,112.0,V,V
Almacen 1311,1475.0,2222.0,3233.0,4257.0,V,V
Almacen 1312,587.0,1963.0,699.0,982.0,H,V
Almacen 1313,444.0,2222.0,1236.0,831.0,V,V
Almacen 1314,4767.0,7393.0,765.0,352.0,H,H
Almacen 1315,4967.0,9434.0,668.0,560.0,H,H
Almacen 1316,1200.0,1320.0,500.0,208.0,H,H
Almacen 1317,1056.0,2359.0,613.0,176.0,H,H
Almacen 1318,128.0,141.0,500.0,88.0,H,H
Almacen 1319,498.0,10673.0,2171.0,1671.0,H,V
Almacen 1320,0.0,930.0,845.0,500.0,H,M
Almacen 1321,655.0,3430.0,853.0,995.0,H,V
Almacen 1322,2.0,3.0,500.0,2.0,H,H
Almacen 1323,169.0,186.0,500.0,26.0,H,H
Almacen 1324,1329.0,2222.0,329.0,1043.0,V,V
Almacen 1325,2180.0,2450.0,14460.0,7311.0,V,V
Almacen 1326,3116.0,5400.0,3519.0,3941.0,V,V
Almacen 1327,0.0,0.0,500.0,500.0,M,M
Almacen 1328,9.0,10.0,500.0,3.0,H,H
Almacen 1329,360.0,114.0,500.0,26.0,H,V
Almacen 1330,3.0,4.0,500.0,3.0,H,H
Almacen 1331,589.0,1116.0,500.0,180.0,H,V
Almacen 1332,0.0,0.0,500.0,500.0,M,M
Almacen 1333,607.0,668.0,500.0,122.0,H,H
Almacen 1334,244.0,269.0,500.0,25.0,H,H
Almacen 1335,5.0,6.0,500.0,5.0,H,H
Almacen 1336,95.0,105.0,500.0,95.0,H,H
Almacen 1337,2391.0,2565.0,500.0,128.0,H,V
Almacen 1338,153.0,169.0,500.0,24.0,H,H
Almacen 1339,21798.0,48462.0,500.0,472.0,H,H
Almacen 1340,56.0,62.0,500.0,28.0,H,H
Almacen 1341,326.0,0.0,500.0,500.0,M,V
Almacen 1342,87.0,0.0,500.0,500.0,M,V
Almacen 1343,19.0,0.0,500.0,500.0,M,V
Almacen 1344,13.0,3.0,500.0,1.0,H,V
Almacen 1345,8.0,7.0,500.0,3.0,H,V
Almacen 1346,0.0,0.0,500.0,500.0,M,M
Almacen 1347,0.0,0.0,500.0,500.0,M,M
Almacen 1348,28.0,31.0,500.0,3.0,H,H
Almacen 1349,446.0,491.0,500.0,80.0,H,H
Almacen 1350,2054.0,2260.0,500.0,462.0,H,H
Almacen 1351,4939.0,5433.0,500.0,96.0,H,H
Almacen 1352,697.0,767.0,500.0,19.0,H,H
Almacen 1353,25.0,0.0,500.0,500.0,M,V
Almacen 1354,16.0,18.0,500.0,5.0,H,H
Almacen 1355,0.0,0.0,500.0,500.0,M,M
Almacen 1356,42.0,47.0,500.0,18.0,H,H
Almacen 1357,0.0,0.0,500.0,500.0,M,M
Almacen 1358,843.0,1111.0,500.0,80.0,H,V
Almacen 1359,0.0,0.0,500.0,500.0,M,M
Almacen 1360,73.0,62.0,500.0,17.0,H,V
Almacen 1361,630.0,693.0,500.0,47.0,H,H
Almacen 1362,4536.0,4990.0,500.0,103.0,H,H
Almacen 1363,0.0,0.0,500.0,500.0,M,M
Almacen 1364,5.0,6.0,500.0,2.0,H,H
Almacen 1365,0.0,933.0,848.0,500.0,H,M
Almacen 1366,6.0,18.0,2.0,3.0,H,V
Almacen 1367,0.0,0.0,500.0,500.0,M,M
Almacen 1368,25.0,2222.0,45.0,18.0,V,V
Almacen 1369,2.0,0.0,500.0,500.0,M,V
Almacen 1370,2099.0,2309.0,500.0,198.0,H,H
Almacen 1371,2401.0,3695.0,2778.0,20.0,H,H
Almacen 1372,668.0,2222.0,165.0,270.0,V,V
Almacen 1373,0.0,2.0,1.0,500.0,H,M
Almacen 1374,41.0,2222.0,500.0,44.0,V,V
Almacen 1375,28.0,2222.0,500.0,34.0,V,V
Almacen 1376,322.0,3954.0,380.0,283.0,H,V
Almacen 1377,51.0,57.0,500.0,24.0,H,H
Almacen 1378,0.0,0.0,500.0,500.0,M,M
Almacen 1379,7312.0,8273.0,25214.0,1068.0,H,H
Almacen 1380,311.0,2222.0,500.0,124.0,V,V
Almacen 1381,36.0,40.0,500.0,36.0,H,H
Almacen 1382,716.0,788.0,500.0,716.0,H,H
Almacen 1383,2015.0,4500.0,500.0,889.0,V,V
Almacen 1384,1.0,2.0,500.0,1.0,H,H
Almacen 1385,3616.0,4300.0,500.0,1984.0,V,V
Almacen 1386,0.0,0.0,500.0,500.0,M,M
Almacen 1387,27.0,30.0,500.0,16.0,H,H
Almacen 1388,8.0,0.0,500.0,500.0,M,V
Almacen 1389,0.0,0.0,500.0,500.0,M,M
Almacen 1390,956.0,873.0,500.0,200.0,H,V
Almacen 1391,45.0,50.0,500.0,8.0,H,H
Almacen 1392,3.0,4.0,500.0,3.0,H,H
Almacen 1393,0.0,0.0,500.0,500.0,M,M
Almacen 1394,0.0,0.0,500.0,500.0,M,M
Almacen 1395,0.0,0.0,500.0,500.0,M,M
Almacen 1396,149.0,120.0,500.0,35.0,H,V
Almacen 1397,168.0,185.0,500.0,136.0,H,H
Almacen 1398,236.0,260.0,500.0,52.0,H,H
Almacen 1399,4115.0,4527.0,500.0,567.0,H,H
Almacen 1400,5311.0,5843.0,500.0,800.0,H,H
Almacen 1401,2.0,3.0,500.0,2.0,H,H
Almacen 1402,2.0,3.0,500.0,1.0,H,H
Almacen 1403,28323.0,31156.0,500.0,15495.0,H,H
Almacen 1404,9353.0,10289.0,500.0,2005.0,H,H
Almacen 1405,596.0,656.0,500.0,75.0,H,H
Almacen 1406,28106.0,47650.0,500.0,3194.0,H,V
Almacen 1407,15744.0,17319.0,500.0,874.0,H,H
Almacen 1408,3268.0,3595.0,500.0,1310.0,H,H
Almacen 1409,73.0,81.0,500.0,73.0,H,H
Almacen 1410,1.0,0.0,500.0,500.0,M,V
Almacen 1411,14048.0,35513.0,500.0,1954.0,H,V
Almacen 1412,31.0,35.0,500.0,16.0,H,H
Almacen 1413,277.0,305.0,500.0,38.0,H,H
Almacen 1414,1.0,2.0,500.0,1.0,H,H
Almacen 1415,3828.0,4211.0,500.0,200.0,H,H
Almacen 1416,481.0,816.0,500.0,35.0,H,V
Almacen 1417,30.0,33.0,500.0,30.0,H,H
Almacen 1418,1101.0,120.0,500.0,15.0,H,V
Almacen 1419,2.0,0.0,500.0,500.0,M,V
Almacen 1420,3655.0,0.0,500.0,500.0,M,V
Almacen 1421,13869.0,30587.0,500.0,2265.0,H,H
Almacen 1422,832.0,8.0,500.0,7.0,H,V
Almacen 1423,2.0,0.0,500.0,500.0,M,V
Almacen 1424,0.0,0.0,500.0,500.0,M,M
Almacen 1425,0.0,0.0,500.0,500.0,M,M
Almacen 1426,15019.0,44392.0,500.0,1663.0,H,H
Almacen 1427,160.0,0.0,500.0,500.0,M,V
Almacen 1428,1.0,0.0,500.0,500.0,M,V
Almacen 1429,17655.0,41444.0,500.0,1597.0,H,H
Almacen 1430,17260.0,43900.0,500.0,1396.0,H,H
Almacen 1431,23112.0,49786.0,500.0,2202.0,H,H
Almacen 1432,13961.0,37054.0,500.0,1790.0,H,H
Almacen 1433,1037.0,0.0,500.0,500.0,M,V
Almacen 1434,145.0,0.0,500.0,500.0,M,V
Almacen 1435,1.0,0.0,500.0,500.0,M,V
Almacen 1436,582.0,641.0,500.0,23.0,H,H
Almacen 1437,530.0,583.0,500.0,398.0,H,H
Almacen 1438,1.0,0.0,500.0,500.0,M,V
Almacen 1439,693.0,763.0,500.0,102.0,H,H
Almacen 1440,78.0,0.0,500.0,500.0,M,V
Almacen 1441,7.0,0.0,500.0,500.0,M,V
Almacen 1442,0.0,0.0,500.0,500.0,M,M
Almacen 1443,305.0,336.0,500.0,55.0,H,H
Almacen 1444,241.0,266.0,500.0,38.0,H,H
Almacen 1445,0.0,0.0,500.0,500.0,M,M
Almacen 1446,8.0,0.0,500.0,500.0,M,V
Almacen 1447,128.0,141.0,500.0,8.0,H,H
Almacen 1448,188.0,207.0,500.0,18.0,H,H
Almacen 1449,224.0,0.0,500.0,500.0,M,V
Almacen 1450,249.0,339.0,1.0,15.0,H,V
Almacen 1451,89.0,0.0,500.0,500.0,M,V
Almacen 1452,1023.0,2117.0,2.0,160.0,H,V
Almacen 1453,4.0,0.0,500.0,500.0,M,V
Almacen 1454,131.0,145.0,500.0,15.0,H,H
Almacen 1455,472.0,520.0,500.0,472.0,H,H
Almacen 1456,0.0,0.0,500.0,500.0,M,M
Almacen 1457,15.0,17.0,500.0,12.0,H,H
Almacen 1458,3612.0,0.0,500.0,500.0,M,V
Almacen 1459,0.0,0.0,500.0,500.0,M,M
Almacen 1460,50.0,63.0,500.0,42.0,H,V
Almacen 1461,6.0,48.0,500.0,42.0,H,V
Almacen 1462,14.0,3.0,500.0,2.0,H,V
Almacen 1463,7.0,17.0,500.0,14.0,H,V
Almacen 1464,129.0,142.0,500.0,91.0,H,H
Almacen 1465,1.0,8.0,500.0,7.0,H,V
Almacen 1466,21965.0,10304.0,500.0,1233.0,H,V
Almacen 1467,57.0,77.0,500.0,50.0,H,V
Almacen 1468,0.0,0.0,500.0,500.0,M,M
Almacen 1469,15.0,0.0,500.0,500.0,M,V
Almacen 1470,87588.0,96347.0,14.0,23886.0,H,H
Concesionario,0.0,100000.0,100000.0,100000.0,X,X
Externo,0.0,1000000.0,1000000.0,1000000.0,X,X
