CODE_Origin,CODE_Destination
Almacen 252,Almacen 642
Almacen 252,Almacen 676
Almacen 260,Almacen 442
Almacen 260,Almacen 445
Almacen 260,Almacen 622
Almacen 260,Almacen 625
Almacen 260,Almacen 626
Almacen 260,Almacen 627
Almacen 260,Almacen 628
Almacen 260,Almacen 641
Almacen 260,Almacen 642
Almacen 260,Almacen 643
Almacen 260,Almacen 647
Almacen 260,Almacen 649
Almacen 260,Almacen 651
Almacen 260,Almacen 652
Almacen 260,Almacen 653
Almacen 260,Almacen 663
Almacen 260,Almacen 664
Almacen 260,Almacen 669
Almacen 260,Almacen 671
Almacen 260,Almacen 676
Almacen 260,Almacen 677
Almacen 260,Almacen 680
Almacen 260,Almacen 683
Almacen 260,Almacen 685
Almacen 260,Almacen 691
Almacen 260,Almacen 694
Almacen 260,Almacen 695
Almacen 260,Almacen 697
Almacen 260,Almacen 708
Almacen 260,Almacen 709
Almacen 260,Almacen 711
Almacen 260,Almacen 728
Almacen 260,Almacen 730
Almacen 264,Almacen 622
Almacen 264,Almacen 625
Almacen 264,Almacen 627
Almacen 264,Almacen 628
Almacen 264,Almacen 642
Almacen 264,Almacen 647
Almacen 264,Almacen 649
Almacen 264,Almacen 651
Almacen 264,Almacen 653
Almacen 264,Almacen 663
Almacen 264,Almacen 664
Almacen 264,Almacen 669
Almacen 264,Almacen 676
Almacen 264,Almacen 680
Almacen 264,Almacen 683
Almacen 264,Almacen 691
Almacen 264,Almacen 694
Almacen 264,Almacen 695
Almacen 264,Almacen 697
Almacen 264,Almacen 728
Almacen 381,Almacen 619
Almacen 381,Almacen 627
Almacen 381,Almacen 636
Almacen 381,Almacen 652
Almacen 381,Almacen 721
Almacen 383,Almacen 619
Almacen 383,Almacen 636
Almacen 383,Almacen 642
Almacen 383,Almacen 653
Almacen 383,Almacen 663
Almacen 383,Almacen 708
Almacen 383,Almacen 721
Almacen 385,Almacen 642
Almacen 387,Almacen 453
Almacen 387,Almacen 619
Almacen 387,Almacen 636
Almacen 387,Almacen 642
Almacen 387,Almacen 652
Almacen 387,Almacen 653
Almacen 387,Almacen 655
Almacen 387,Almacen 669
Almacen 387,Almacen 680
Almacen 387,Almacen 691
Almacen 387,Almacen 694
Almacen 387,Almacen 721
Almacen 390,Almacen 642
Almacen 397,Almacen 619
Almacen 397,Almacen 642
Almacen 397,Almacen 653
Almacen 397,Almacen 708
Almacen 397,Almacen 721
Almacen 398,Almacen 453
Almacen 398,Almacen 627
Almacen 398,Almacen 636
Almacen 398,Almacen 642
Almacen 398,Almacen 643
Almacen 398,Almacen 652
Almacen 398,Almacen 653
Almacen 398,Almacen 669
Almacen 398,Almacen 680
Almacen 398,Almacen 682
Almacen 398,Almacen 721
Almacen 399,Almacen 453
Almacen 399,Almacen 619
Almacen 399,Almacen 627
Almacen 399,Almacen 636
Almacen 399,Almacen 642
Almacen 399,Almacen 643
Almacen 399,Almacen 652
Almacen 399,Almacen 653
Almacen 399,Almacen 655
Almacen 399,Almacen 663
Almacen 399,Almacen 669
Almacen 399,Almacen 680
Almacen 399,Almacen 682
Almacen 399,Almacen 691
Almacen 399,Almacen 694
Almacen 399,Almacen 706
Almacen 399,Almacen 721
Almacen 403,Almacen 619
Almacen 403,Almacen 627
Almacen 403,Almacen 636
Almacen 403,Almacen 642
Almacen 403,Almacen 652
Almacen 403,Almacen 653
Almacen 403,Almacen 655
Almacen 403,Almacen 663
Almacen 403,Almacen 669
Almacen 403,Almacen 680
Almacen 403,Almacen 682
Almacen 403,Almacen 691
Almacen 403,Almacen 706
Almacen 403,Almacen 721
Almacen 403,Almacen 730
Almacen 405,Almacen 642
Almacen 405,Almacen 643
Almacen 406,Almacen 642
Almacen 408,Almacen 642
Almacen 408,Almacen 682
Almacen 408,Almacen 694
Almacen 408,Almacen 728
Almacen 410,Almacen 619
Almacen 410,Almacen 627
Almacen 410,Almacen 636
Almacen 410,Almacen 642
Almacen 410,Almacen 652
Almacen 410,Almacen 653
Almacen 410,Almacen 655
Almacen 410,Almacen 663
Almacen 410,Almacen 669
Almacen 410,Almacen 680
Almacen 410,Almacen 691
Almacen 410,Almacen 694
Almacen 410,Almacen 721
Almacen 411,Almacen 619
Almacen 411,Almacen 627
Almacen 411,Almacen 636
Almacen 411,Almacen 642
Almacen 411,Almacen 643
Almacen 411,Almacen 652
Almacen 411,Almacen 669
Almacen 411,Almacen 680
Almacen 411,Almacen 691
Almacen 411,Almacen 694
Almacen 416,Almacen 642
Almacen 419,Almacen 453
Almacen 419,Almacen 619
Almacen 419,Almacen 627
Almacen 419,Almacen 636
Almacen 419,Almacen 642
Almacen 419,Almacen 652
Almacen 419,Almacen 653
Almacen 419,Almacen 655
Almacen 419,Almacen 663
Almacen 419,Almacen 664
Almacen 419,Almacen 669
Almacen 419,Almacen 680
Almacen 419,Almacen 682
Almacen 419,Almacen 691
Almacen 419,Almacen 694
Almacen 419,Almacen 695
Almacen 419,Almacen 706
Almacen 419,Almacen 721
Almacen 419,Almacen 728
Almacen 419,Almacen 730
Almacen 423,Almacen 642
Almacen 423,Almacen 643
Almacen 433,Almacen 441
Almacen 433,Almacen 453
Almacen 433,Almacen 526
Almacen 433,Almacen 619
Almacen 433,Almacen 622
Almacen 433,Almacen 627
Almacen 433,Almacen 636
Almacen 433,Almacen 642
Almacen 433,Almacen 643
Almacen 433,Almacen 652
Almacen 433,Almacen 653
Almacen 433,Almacen 655
Almacen 433,Almacen 663
Almacen 433,Almacen 664
Almacen 433,Almacen 669
Almacen 433,Almacen 680
Almacen 433,Almacen 682
Almacen 433,Almacen 683
Almacen 433,Almacen 691
Almacen 433,Almacen 694
Almacen 433,Almacen 695
Almacen 433,Almacen 706
Almacen 433,Almacen 708
Almacen 433,Almacen 709
Almacen 433,Almacen 721
Almacen 433,Almacen 728
Almacen 433,Almacen 730
Almacen 434,Almacen 453
Almacen 434,Almacen 619
Almacen 434,Almacen 622
Almacen 434,Almacen 627
Almacen 434,Almacen 628
Almacen 434,Almacen 636
Almacen 434,Almacen 642
Almacen 434,Almacen 643
Almacen 434,Almacen 652
Almacen 434,Almacen 653
Almacen 434,Almacen 655
Almacen 434,Almacen 663
Almacen 434,Almacen 664
Almacen 434,Almacen 669
Almacen 434,Almacen 680
Almacen 434,Almacen 682
Almacen 434,Almacen 683
Almacen 434,Almacen 691
Almacen 434,Almacen 694
Almacen 434,Almacen 706
Almacen 434,Almacen 708
Almacen 434,Almacen 709
Almacen 434,Almacen 721
Almacen 434,Almacen 730
Almacen 442,Almacen 653
Almacen 443,Almacen 633
Almacen 445,Almacen 445
Almacen 449,Almacen 449
Almacen 456,Almacen 245
Almacen 456,Almacen 247
Almacen 456,Almacen 248
Almacen 456,Almacen 262
Almacen 456,Almacen 305
Almacen 456,Almacen 432
Almacen 456,Almacen 622
Almacen 456,Almacen 625
Almacen 456,Almacen 627
Almacen 456,Almacen 642
Almacen 456,Almacen 643
Almacen 456,Almacen 695
Almacen 456,Almacen 702
Almacen 456,Almacen 728
Almacen 456,Almacen 730
Almacen 456,Almacen 809
Almacen 456,Almacen 1041
Almacen 456,Almacen 1128
Almacen 456,Almacen 1133
Almacen 456,Almacen 1177
Almacen 456,Almacen 1261
Almacen 456,Almacen 1324
Almacen 456,Almacen 1379
Almacen 458,Almacen 730
Almacen 462,Almacen 432
Almacen 462,Almacen 627
Almacen 462,Almacen 643
Almacen 462,Almacen 660
Almacen 462,Almacen 683
Almacen 462,Almacen 740
Almacen 462,Almacen 1302
Almacen 463,Almacen 659
Almacen 464,Almacen 1088
Almacen 465,Almacen 685
Almacen 465,Almacen 702
Almacen 466,Almacen 659
Almacen 467,Almacen 652
Almacen 471,Almacen 443
Almacen 471,Almacen 444
Almacen 471,Almacen 471
Almacen 471,Almacen 472
Almacen 471,Almacen 566
Almacen 471,Almacen 610
Almacen 471,Almacen 624
Almacen 471,Almacen 633
Almacen 471,Almacen 641
Almacen 471,Almacen 647
Almacen 471,Almacen 654
Almacen 471,Almacen 659
Almacen 471,Almacen 663
Almacen 471,Almacen 691
Almacen 471,Almacen 698
Almacen 471,Almacen 711
Almacen 471,Almacen 728
Almacen 471,Almacen 730
Almacen 471,Almacen 735
Almacen 472,Almacen 472
Almacen 472,Almacen 624
Almacen 473,Almacen 642
Almacen 473,Almacen 643
Almacen 474,Almacen 641
Almacen 474,Almacen 642
Almacen 475,Almacen 574
Almacen 475,Almacen 602
Almacen 476,Almacen 622
Almacen 476,Almacen 1192
Almacen 477,Almacen 641
Almacen 477,Almacen 642
Almacen 478,Almacen 442
Almacen 478,Almacen 445
Almacen 478,Almacen 478
Almacen 478,Almacen 555
Almacen 478,Almacen 625
Almacen 478,Almacen 628
Almacen 478,Almacen 641
Almacen 478,Almacen 647
Almacen 478,Almacen 649
Almacen 478,Almacen 653
Almacen 478,Almacen 654
Almacen 478,Almacen 663
Almacen 478,Almacen 669
Almacen 478,Almacen 680
Almacen 478,Almacen 691
Almacen 478,Almacen 694
Almacen 478,Almacen 695
Almacen 478,Almacen 702
Almacen 478,Almacen 728
Almacen 478,Almacen 730
Almacen 478,Almacen 734
Almacen 479,Almacen 445
Almacen 479,Almacen 653
Almacen 479,Almacen 680
Almacen 479,Almacen 702
Almacen 480,Almacen 445
Almacen 480,Almacen 628
Almacen 480,Almacen 641
Almacen 480,Almacen 642
Almacen 480,Almacen 676
Almacen 480,Almacen 680
Almacen 480,Almacen 728
Almacen 481,Almacen 691
Almacen 486,Almacen 734
Almacen 489,Almacen 305
Almacen 489,Almacen 622
Almacen 489,Almacen 642
Almacen 489,Almacen 671
Almacen 489,Almacen 1071
Almacen 489,Almacen 1087
Almacen 489,Almacen 1167
Almacen 489,Almacen 1175
Almacen 489,Almacen 1177
Almacen 489,Almacen 1261
Almacen 489,Almacen 1302
Almacen 494,Almacen 262
Almacen 494,Almacen 647
Almacen 494,Almacen 694
Almacen 494,Almacen 1261
Almacen 496,Almacen 647
Almacen 496,Almacen 671
Almacen 496,Almacen 676
Almacen 496,Almacen 692
Almacen 496,Almacen 695
Almacen 497,Almacen 497
Almacen 497,Almacen 671
Almacen 497,Almacen 676
Almacen 497,Almacen 692
Almacen 497,Almacen 697
Almacen 497,Almacen 724
Almacen 504,Almacen 504
Almacen 504,Almacen 668
Almacen 504,Almacen 671
Almacen 504,Almacen 676
Almacen 504,Almacen 692
Almacen 505,Almacen 671
Almacen 505,Almacen 676
Almacen 505,Almacen 692
Almacen 507,Almacen 668
Almacen 507,Almacen 671
Almacen 507,Almacen 692
Almacen 518,Almacen 305
Almacen 518,Almacen 622
Almacen 518,Almacen 641
Almacen 518,Almacen 642
Almacen 518,Almacen 643
Almacen 518,Almacen 647
Almacen 518,Almacen 653
Almacen 518,Almacen 655
Almacen 518,Almacen 683
Almacen 518,Almacen 1087
Almacen 518,Almacen 1167
Almacen 518,Almacen 1175
Almacen 518,Almacen 1177
Almacen 518,Almacen 1261
Almacen 519,Almacen 445
Almacen 519,Almacen 519
Almacen 519,Almacen 571
Almacen 519,Almacen 622
Almacen 519,Almacen 624
Almacen 519,Almacen 625
Almacen 519,Almacen 628
Almacen 519,Almacen 647
Almacen 519,Almacen 649
Almacen 519,Almacen 653
Almacen 519,Almacen 654
Almacen 519,Almacen 659
Almacen 519,Almacen 663
Almacen 519,Almacen 669
Almacen 519,Almacen 677
Almacen 519,Almacen 680
Almacen 519,Almacen 685
Almacen 519,Almacen 691
Almacen 519,Almacen 694
Almacen 519,Almacen 695
Almacen 519,Almacen 697
Almacen 519,Almacen 702
Almacen 519,Almacen 711
Almacen 519,Almacen 728
Almacen 519,Almacen 730
Almacen 519,Almacen 734
Almacen 519,Almacen 735
Almacen 519,Almacen 1192
Almacen 520,Almacen 633
Almacen 521,Almacen 825
Almacen 524,Almacen 643
Almacen 526,Almacen 643
Almacen 527,Almacen 574
Almacen 527,Almacen 730
Almacen 534,Almacen 642
Almacen 534,Almacen 1209
Almacen 539,Almacen 696
Almacen 550,Almacen 217
Almacen 550,Almacen 237
Almacen 550,Almacen 238
Almacen 550,Almacen 246
Almacen 550,Almacen 262
Almacen 550,Almacen 305
Almacen 550,Almacen 432
Almacen 550,Almacen 541
Almacen 550,Almacen 622
Almacen 550,Almacen 628
Almacen 550,Almacen 649
Almacen 550,Almacen 663
Almacen 550,Almacen 669
Almacen 550,Almacen 680
Almacen 550,Almacen 691
Almacen 550,Almacen 694
Almacen 550,Almacen 697
Almacen 550,Almacen 706
Almacen 550,Almacen 728
Almacen 550,Almacen 730
Almacen 550,Almacen 740
Almacen 550,Almacen 766
Almacen 550,Almacen 768
Almacen 550,Almacen 771
Almacen 550,Almacen 773
Almacen 550,Almacen 777
Almacen 550,Almacen 781
Almacen 550,Almacen 783
Almacen 550,Almacen 800
Almacen 550,Almacen 830
Almacen 550,Almacen 831
Almacen 550,Almacen 834
Almacen 550,Almacen 835
Almacen 550,Almacen 836
Almacen 550,Almacen 837
Almacen 550,Almacen 838
Almacen 550,Almacen 949
Almacen 550,Almacen 950
Almacen 550,Almacen 1037
Almacen 550,Almacen 1038
Almacen 550,Almacen 1043
Almacen 550,Almacen 1177
Almacen 550,Almacen 1261
Almacen 550,Almacen 1299
Almacen 550,Almacen 1324
Almacen 550,Almacen 1372
Almacen 550,Almacen 1379
Almacen 551,Almacen 258
Almacen 551,Almacen 262
Almacen 551,Almacen 299
Almacen 551,Almacen 555
Almacen 551,Almacen 622
Almacen 551,Almacen 625
Almacen 551,Almacen 628
Almacen 551,Almacen 641
Almacen 551,Almacen 643
Almacen 551,Almacen 644
Almacen 551,Almacen 647
Almacen 551,Almacen 649
Almacen 551,Almacen 654
Almacen 551,Almacen 659
Almacen 551,Almacen 663
Almacen 551,Almacen 669
Almacen 551,Almacen 671
Almacen 551,Almacen 677
Almacen 551,Almacen 680
Almacen 551,Almacen 691
Almacen 551,Almacen 694
Almacen 551,Almacen 702
Almacen 551,Almacen 730
Almacen 551,Almacen 793
Almacen 551,Almacen 1065
Almacen 551,Almacen 1067
Almacen 551,Almacen 1068
Almacen 551,Almacen 1071
Almacen 551,Almacen 1076
Almacen 551,Almacen 1087
Almacen 551,Almacen 1151
Almacen 551,Almacen 1167
Almacen 551,Almacen 1183
Almacen 551,Almacen 1184
Almacen 551,Almacen 1185
Almacen 551,Almacen 1230
Almacen 551,Almacen 1233
Almacen 551,Almacen 1261
Almacen 551,Almacen 1299
Almacen 551,Almacen 1302
Almacen 551,Almacen 1324
Almacen 551,Almacen 1339
Almacen 551,Almacen 1411
Almacen 551,Almacen 1421
Almacen 551,Almacen 1426
Almacen 551,Almacen 1429
Almacen 551,Almacen 1430
Almacen 551,Almacen 1431
Almacen 551,Almacen 1432
Almacen 551,Almacen 1447
Almacen 553,Almacen 258
Almacen 553,Almacen 555
Almacen 553,Almacen 641
Almacen 553,Almacen 643
Almacen 553,Almacen 644
Almacen 553,Almacen 647
Almacen 553,Almacen 654
Almacen 553,Almacen 669
Almacen 553,Almacen 1068
Almacen 553,Almacen 1071
Almacen 553,Almacen 1167
Almacen 553,Almacen 1188
Almacen 553,Almacen 1302
Almacen 553,Almacen 1339
Almacen 553,Almacen 1406
Almacen 553,Almacen 1407
Almacen 555,Almacen 732
Almacen 557,Almacen 825
Almacen 564,Almacen 641
Almacen 564,Almacen 642
Almacen 564,Almacen 1099
Almacen 564,Almacen 1100
Almacen 564,Almacen 1101
Almacen 565,Almacen 641
Almacen 565,Almacen 642
Almacen 566,Almacen 64
Almacen 577,Almacen 549
Almacen 579,Almacen 1209
Almacen 580,Almacen 292
Almacen 580,Almacen 1196
Almacen 581,Almacen 239
Almacen 581,Almacen 314
Almacen 581,Almacen 331
Almacen 581,Almacen 332
Almacen 581,Almacen 333
Almacen 581,Almacen 338
Almacen 581,Almacen 341
Almacen 581,Almacen 1116
Almacen 581,Almacen 1258
Almacen 581,Almacen 1269
Almacen 581,Almacen 1281
Almacen 583,Almacen 1061
Almacen 584,Almacen 1061
Almacen 595,Almacen 449
Almacen 595,Almacen 478
Almacen 595,Almacen 595
Almacen 607,Almacen 825
Almacen 610,Almacen 610
Almacen 610,Almacen 653
Almacen 610,Almacen 732
Almacen 611,Almacen 622
Almacen 611,Almacen 627
Almacen 619,Almacen 548
Almacen 622,Almacen 213
Almacen 622,Almacen 219
Almacen 622,Almacen 220
Almacen 622,Almacen 221
Almacen 622,Almacen 224
Almacen 622,Almacen 233
Almacen 622,Almacen 235
Almacen 622,Almacen 236
Almacen 622,Almacen 237
Almacen 622,Almacen 238
Almacen 622,Almacen 239
Almacen 622,Almacen 274
Almacen 622,Almacen 275
Almacen 622,Almacen 280
Almacen 622,Almacen 295
Almacen 622,Almacen 299
Almacen 622,Almacen 308
Almacen 622,Almacen 310
Almacen 622,Almacen 314
Almacen 622,Almacen 331
Almacen 622,Almacen 332
Almacen 622,Almacen 333
Almacen 622,Almacen 338
Almacen 622,Almacen 339
Almacen 622,Almacen 341
Almacen 622,Almacen 344
Almacen 622,Almacen 346
Almacen 622,Almacen 352
Almacen 622,Almacen 356
Almacen 622,Almacen 361
Almacen 622,Almacen 363
Almacen 622,Almacen 364
Almacen 622,Almacen 573
Almacen 622,Almacen 622
Almacen 622,Almacen 642
Almacen 622,Almacen 741
Almacen 622,Almacen 742
Almacen 622,Almacen 743
Almacen 622,Almacen 1106
Almacen 622,Almacen 1107
Almacen 622,Almacen 1109
Almacen 622,Almacen 1116
Almacen 622,Almacen 1117
Almacen 622,Almacen 1119
Almacen 622,Almacen 1121
Almacen 622,Almacen 1122
Almacen 622,Almacen 1123
Almacen 622,Almacen 1141
Almacen 622,Almacen 1145
Almacen 622,Almacen 1146
Almacen 622,Almacen 1147
Almacen 622,Almacen 1152
Almacen 622,Almacen 1178
Almacen 622,Almacen 1179
Almacen 622,Almacen 1180
Almacen 622,Almacen 1181
Almacen 622,Almacen 1189
Almacen 622,Almacen 1190
Almacen 622,Almacen 1192
Almacen 622,Almacen 1193
Almacen 622,Almacen 1194
Almacen 622,Almacen 1199
Almacen 622,Almacen 1200
Almacen 622,Almacen 1209
Almacen 622,Almacen 1241
Almacen 622,Almacen 1244
Almacen 622,Almacen 1246
Almacen 622,Almacen 1248
Almacen 622,Almacen 1249
Almacen 622,Almacen 1250
Almacen 622,Almacen 1253
Almacen 622,Almacen 1254
Almacen 622,Almacen 1255
Almacen 622,Almacen 1257
Almacen 622,Almacen 1258
Almacen 622,Almacen 1267
Almacen 622,Almacen 1268
Almacen 622,Almacen 1269
Almacen 622,Almacen 1271
Almacen 622,Almacen 1272
Almacen 622,Almacen 1273
Almacen 622,Almacen 1274
Almacen 622,Almacen 1275
Almacen 622,Almacen 1276
Almacen 622,Almacen 1280
Almacen 622,Almacen 1281
Almacen 622,Almacen 1284
Almacen 622,Almacen 1285
Almacen 622,Almacen 1332
Almacen 622,Almacen 1333
Almacen 622,Almacen 1334
Almacen 622,Almacen 1336
Almacen 622,Almacen 1337
Almacen 622,Almacen 1347
Almacen 622,Almacen 1349
Almacen 622,Almacen 1350
Almacen 622,Almacen 1357
Almacen 622,Almacen 1358
Almacen 622,Almacen 1360
Almacen 622,Almacen 1379
Almacen 622,Almacen 1386
Almacen 622,Almacen 1387
Almacen 622,Almacen 1390
Almacen 622,Almacen 1395
Almacen 622,Almacen 1396
Almacen 622,Almacen 1412
Almacen 622,Almacen 1421
Almacen 622,Almacen 1426
Almacen 622,Almacen 1429
Almacen 622,Almacen 1430
Almacen 622,Almacen 1431
Almacen 622,Almacen 1432
Almacen 622,Almacen 1443
Almacen 622,Almacen 1444
Almacen 622,Almacen 1454
Almacen 622,Almacen 1455
Almacen 622,Almacen 1457
Almacen 622,Almacen 1460
Almacen 622,Almacen 1461
Almacen 622,Almacen 1462
Almacen 622,Almacen 1463
Almacen 622,Almacen 1464
Almacen 622,Almacen 1465
Almacen 622,Almacen 1466
Almacen 622,Almacen 1467
Almacen 622,Almacen 1470
Almacen 623,Almacen 224
Almacen 623,Almacen 275
Almacen 623,Almacen 1470
Almacen 624,Almacen 443
Almacen 625,Almacen 545
Almacen 625,Almacen 732
Almacen 626,Almacen 1056
Almacen 626,Almacen 1057
Almacen 627,Almacen 221
Almacen 627,Almacen 224
Almacen 627,Almacen 237
Almacen 627,Almacen 331
Almacen 627,Almacen 332
Almacen 627,Almacen 333
Almacen 627,Almacen 626
Almacen 627,Almacen 627
Almacen 627,Almacen 1194
Almacen 627,Almacen 1337
Almacen 627,Almacen 1383
Almacen 627,Almacen 1385
Almacen 627,Almacen 1404
Almacen 627,Almacen 1406
Almacen 627,Almacen 1470
Almacen 628,Almacen 542
Almacen 628,Almacen 702
Almacen 633,Almacen 243
Almacen 633,Almacen 432
Almacen 633,Almacen 434
Almacen 633,Almacen 591
Almacen 633,Almacen 622
Almacen 633,Almacen 633
Almacen 633,Almacen 642
Almacen 633,Almacen 653
Almacen 633,Almacen 664
Almacen 633,Almacen 695
Almacen 633,Almacen 734
Almacen 633,Almacen 1068
Almacen 633,Almacen 1071
Almacen 633,Almacen 1114
Almacen 633,Almacen 1133
Almacen 633,Almacen 1204
Almacen 633,Almacen 1265
Almacen 633,Almacen 1269
Almacen 633,Almacen 1299
Almacen 633,Almacen 1372
Almacen 633,Almacen 1379
Almacen 633,Almacen 1383
Almacen 633,Almacen 1450
Almacen 633,Almacen 1452
Almacen 636,Almacen 262
Almacen 636,Almacen 530
Almacen 636,Almacen 1204
Almacen 639,Almacen 633
Almacen 639,Almacen 639
Almacen 639,Almacen 641
Almacen 639,Almacen 653
Almacen 639,Almacen 671
Almacen 639,Almacen 692
Almacen 639,Almacen 695
Almacen 639,Almacen 697
Almacen 639,Almacen 734
Almacen 639,Almacen 735
Almacen 641,Almacen 221
Almacen 641,Almacen 234
Almacen 641,Almacen 236
Almacen 641,Almacen 237
Almacen 641,Almacen 238
Almacen 641,Almacen 239
Almacen 641,Almacen 243
Almacen 641,Almacen 245
Almacen 641,Almacen 247
Almacen 641,Almacen 248
Almacen 641,Almacen 250
Almacen 641,Almacen 256
Almacen 641,Almacen 258
Almacen 641,Almacen 262
Almacen 641,Almacen 266
Almacen 641,Almacen 267
Almacen 641,Almacen 275
Almacen 641,Almacen 276
Almacen 641,Almacen 278
Almacen 641,Almacen 305
Almacen 641,Almacen 331
Almacen 641,Almacen 332
Almacen 641,Almacen 333
Almacen 641,Almacen 350
Almacen 641,Almacen 367
Almacen 641,Almacen 368
Almacen 641,Almacen 432
Almacen 641,Almacen 442
Almacen 641,Almacen 443
Almacen 641,Almacen 445
Almacen 641,Almacen 449
Almacen 641,Almacen 476
Almacen 641,Almacen 478
Almacen 641,Almacen 479
Almacen 641,Almacen 480
Almacen 641,Almacen 481
Almacen 641,Almacen 495
Almacen 641,Almacen 555
Almacen 641,Almacen 561
Almacen 641,Almacen 566
Almacen 641,Almacen 571
Almacen 641,Almacen 574
Almacen 641,Almacen 583
Almacen 641,Almacen 589
Almacen 641,Almacen 591
Almacen 641,Almacen 595
Almacen 641,Almacen 598
Almacen 641,Almacen 610
Almacen 641,Almacen 620
Almacen 641,Almacen 622
Almacen 641,Almacen 624
Almacen 641,Almacen 625
Almacen 641,Almacen 626
Almacen 641,Almacen 627
Almacen 641,Almacen 628
Almacen 641,Almacen 636
Almacen 641,Almacen 641
Almacen 641,Almacen 642
Almacen 641,Almacen 643
Almacen 641,Almacen 644
Almacen 641,Almacen 647
Almacen 641,Almacen 649
Almacen 641,Almacen 652
Almacen 641,Almacen 653
Almacen 641,Almacen 654
Almacen 641,Almacen 659
Almacen 641,Almacen 663
Almacen 641,Almacen 664
Almacen 641,Almacen 669
Almacen 641,Almacen 671
Almacen 641,Almacen 676
Almacen 641,Almacen 677
Almacen 641,Almacen 680
Almacen 641,Almacen 681
Almacen 641,Almacen 683
Almacen 641,Almacen 685
Almacen 641,Almacen 688
Almacen 641,Almacen 691
Almacen 641,Almacen 692
Almacen 641,Almacen 694
Almacen 641,Almacen 695
Almacen 641,Almacen 696
Almacen 641,Almacen 697
Almacen 641,Almacen 698
Almacen 641,Almacen 699
Almacen 641,Almacen 702
Almacen 641,Almacen 706
Almacen 641,Almacen 708
Almacen 641,Almacen 709
Almacen 641,Almacen 711
Almacen 641,Almacen 728
Almacen 641,Almacen 730
Almacen 641,Almacen 732
Almacen 641,Almacen 735
Almacen 641,Almacen 739
Almacen 641,Almacen 740
Almacen 641,Almacen 748
Almacen 641,Almacen 754
Almacen 641,Almacen 799
Almacen 641,Almacen 1037
Almacen 641,Almacen 1041
Almacen 641,Almacen 1056
Almacen 641,Almacen 1060
Almacen 641,Almacen 1064
Almacen 641,Almacen 1067
Almacen 641,Almacen 1068
Almacen 641,Almacen 1069
Almacen 641,Almacen 1071
Almacen 641,Almacen 1076
Almacen 641,Almacen 1081
Almacen 641,Almacen 1082
Almacen 641,Almacen 1087
Almacen 641,Almacen 1088
Almacen 641,Almacen 1089
Almacen 641,Almacen 1099
Almacen 641,Almacen 1100
Almacen 641,Almacen 1101
Almacen 641,Almacen 1103
Almacen 641,Almacen 1109
Almacen 641,Almacen 1114
Almacen 641,Almacen 1116
Almacen 641,Almacen 1128
Almacen 641,Almacen 1133
Almacen 641,Almacen 1138
Almacen 641,Almacen 1154
Almacen 641,Almacen 1158
Almacen 641,Almacen 1167
Almacen 641,Almacen 1175
Almacen 641,Almacen 1177
Almacen 641,Almacen 1183
Almacen 641,Almacen 1185
Almacen 641,Almacen 1188
Almacen 641,Almacen 1192
Almacen 641,Almacen 1197
Almacen 641,Almacen 1204
Almacen 641,Almacen 1206
Almacen 641,Almacen 1209
Almacen 641,Almacen 1230
Almacen 641,Almacen 1241
Almacen 641,Almacen 1248
Almacen 641,Almacen 1258
Almacen 641,Almacen 1261
Almacen 641,Almacen 1263
Almacen 641,Almacen 1265
Almacen 641,Almacen 1269
Almacen 641,Almacen 1273
Almacen 641,Almacen 1281
Almacen 641,Almacen 1284
Almacen 641,Almacen 1299
Almacen 641,Almacen 1302
Almacen 641,Almacen 1311
Almacen 641,Almacen 1319
Almacen 641,Almacen 1333
Almacen 641,Almacen 1350
Almacen 641,Almacen 1356
Almacen 641,Almacen 1372
Almacen 641,Almacen 1379
Almacen 641,Almacen 1383
Almacen 641,Almacen 1384
Almacen 641,Almacen 1385
Almacen 641,Almacen 1390
Almacen 641,Almacen 1393
Almacen 641,Almacen 1399
Almacen 641,Almacen 1406
Almacen 641,Almacen 1407
Almacen 641,Almacen 1411
Almacen 641,Almacen 1412
Almacen 641,Almacen 1416
Almacen 641,Almacen 1429
Almacen 641,Almacen 1430
Almacen 641,Almacen 1432
Almacen 641,Almacen 1443
Almacen 641,Almacen 1450
Almacen 641,Almacen 1452
Almacen 641,Almacen 1457
Almacen 641,Almacen 1460
Almacen 642,Almacen 234
Almacen 642,Almacen 236
Almacen 642,Almacen 247
Almacen 642,Almacen 248
Almacen 642,Almacen 249
Almacen 642,Almacen 258
Almacen 642,Almacen 262
Almacen 642,Almacen 269
Almacen 642,Almacen 275
Almacen 642,Almacen 279
Almacen 642,Almacen 299
Almacen 642,Almacen 300
Almacen 642,Almacen 305
Almacen 642,Almacen 350
Almacen 642,Almacen 432
Almacen 642,Almacen 442
Almacen 642,Almacen 445
Almacen 642,Almacen 449
Almacen 642,Almacen 474
Almacen 642,Almacen 477
Almacen 642,Almacen 478
Almacen 642,Almacen 479
Almacen 642,Almacen 480
Almacen 642,Almacen 481
Almacen 642,Almacen 555
Almacen 642,Almacen 571
Almacen 642,Almacen 574
Almacen 642,Almacen 591
Almacen 642,Almacen 593
Almacen 642,Almacen 595
Almacen 642,Almacen 598
Almacen 642,Almacen 602
Almacen 642,Almacen 604
Almacen 642,Almacen 610
Almacen 642,Almacen 622
Almacen 642,Almacen 624
Almacen 642,Almacen 625
Almacen 642,Almacen 626
Almacen 642,Almacen 627
Almacen 642,Almacen 628
Almacen 642,Almacen 636
Almacen 642,Almacen 641
Almacen 642,Almacen 642
Almacen 642,Almacen 643
Almacen 642,Almacen 644
Almacen 642,Almacen 647
Almacen 642,Almacen 649
Almacen 642,Almacen 653
Almacen 642,Almacen 654
Almacen 642,Almacen 659
Almacen 642,Almacen 663
Almacen 642,Almacen 664
Almacen 642,Almacen 669
Almacen 642,Almacen 671
Almacen 642,Almacen 676
Almacen 642,Almacen 677
Almacen 642,Almacen 680
Almacen 642,Almacen 683
Almacen 642,Almacen 685
Almacen 642,Almacen 688
Almacen 642,Almacen 691
Almacen 642,Almacen 692
Almacen 642,Almacen 694
Almacen 642,Almacen 695
Almacen 642,Almacen 697
Almacen 642,Almacen 698
Almacen 642,Almacen 699
Almacen 642,Almacen 702
Almacen 642,Almacen 708
Almacen 642,Almacen 711
Almacen 642,Almacen 728
Almacen 642,Almacen 730
Almacen 642,Almacen 732
Almacen 642,Almacen 735
Almacen 642,Almacen 739
Almacen 642,Almacen 740
Almacen 642,Almacen 743
Almacen 642,Almacen 749
Almacen 642,Almacen 754
Almacen 642,Almacen 793
Almacen 642,Almacen 794
Almacen 642,Almacen 797
Almacen 642,Almacen 799
Almacen 642,Almacen 804
Almacen 642,Almacen 809
Almacen 642,Almacen 815
Almacen 642,Almacen 819
Almacen 642,Almacen 1037
Almacen 642,Almacen 1041
Almacen 642,Almacen 1050
Almacen 642,Almacen 1056
Almacen 642,Almacen 1060
Almacen 642,Almacen 1062
Almacen 642,Almacen 1064
Almacen 642,Almacen 1065
Almacen 642,Almacen 1067
Almacen 642,Almacen 1068
Almacen 642,Almacen 1069
Almacen 642,Almacen 1071
Almacen 642,Almacen 1076
Almacen 642,Almacen 1081
Almacen 642,Almacen 1082
Almacen 642,Almacen 1083
Almacen 642,Almacen 1084
Almacen 642,Almacen 1087
Almacen 642,Almacen 1088
Almacen 642,Almacen 1091
Almacen 642,Almacen 1099
Almacen 642,Almacen 1100
Almacen 642,Almacen 1101
Almacen 642,Almacen 1109
Almacen 642,Almacen 1114
Almacen 642,Almacen 1121
Almacen 642,Almacen 1133
Almacen 642,Almacen 1135
Almacen 642,Almacen 1148
Almacen 642,Almacen 1150
Almacen 642,Almacen 1151
Almacen 642,Almacen 1158
Almacen 642,Almacen 1167
Almacen 642,Almacen 1175
Almacen 642,Almacen 1177
Almacen 642,Almacen 1182
Almacen 642,Almacen 1183
Almacen 642,Almacen 1184
Almacen 642,Almacen 1185
Almacen 642,Almacen 1186
Almacen 642,Almacen 1188
Almacen 642,Almacen 1192
Almacen 642,Almacen 1194
Almacen 642,Almacen 1204
Almacen 642,Almacen 1206
Almacen 642,Almacen 1209
Almacen 642,Almacen 1230
Almacen 642,Almacen 1233
Almacen 642,Almacen 1241
Almacen 642,Almacen 1248
Almacen 642,Almacen 1258
Almacen 642,Almacen 1261
Almacen 642,Almacen 1269
Almacen 642,Almacen 1299
Almacen 642,Almacen 1302
Almacen 642,Almacen 1307
Almacen 642,Almacen 1324
Almacen 642,Almacen 1326
Almacen 642,Almacen 1339
Almacen 642,Almacen 1350
Almacen 642,Almacen 1356
Almacen 642,Almacen 1379
Almacen 642,Almacen 1382
Almacen 642,Almacen 1383
Almacen 642,Almacen 1385
Almacen 642,Almacen 1399
Almacen 642,Almacen 1404
Almacen 642,Almacen 1406
Almacen 642,Almacen 1407
Almacen 642,Almacen 1408
Almacen 642,Almacen 1409
Almacen 642,Almacen 1411
Almacen 642,Almacen 1412
Almacen 642,Almacen 1414
Almacen 642,Almacen 1421
Almacen 642,Almacen 1425
Almacen 642,Almacen 1426
Almacen 642,Almacen 1429
Almacen 642,Almacen 1430
Almacen 642,Almacen 1431
Almacen 642,Almacen 1432
Almacen 642,Almacen 1436
Almacen 642,Almacen 1437
Almacen 642,Almacen 1447
Almacen 642,Almacen 1448
Almacen 642,Almacen 1450
Almacen 642,Almacen 1452
Almacen 642,Almacen 1460
Almacen 642,Almacen 1461
Almacen 642,Almacen 1463
Almacen 642,Almacen 1466
Almacen 642,Almacen 1467
Almacen 643,Almacen 641
Almacen 643,Almacen 642
Almacen 643,Almacen 644
Almacen 643,Almacen 1091
Almacen 643,Almacen 1098
Almacen 643,Almacen 1099
Almacen 643,Almacen 1100
Almacen 643,Almacen 1101
Almacen 643,Almacen 1261
Almacen 644,Almacen 443
Almacen 644,Almacen 449
Almacen 644,Almacen 555
Almacen 644,Almacen 574
Almacen 644,Almacen 588
Almacen 644,Almacen 593
Almacen 644,Almacen 595
Almacen 644,Almacen 597
Almacen 644,Almacen 598
Almacen 644,Almacen 601
Almacen 644,Almacen 602
Almacen 644,Almacen 603
Almacen 644,Almacen 604
Almacen 644,Almacen 628
Almacen 644,Almacen 641
Almacen 644,Almacen 642
Almacen 644,Almacen 643
Almacen 644,Almacen 647
Almacen 644,Almacen 653
Almacen 644,Almacen 659
Almacen 644,Almacen 663
Almacen 644,Almacen 669
Almacen 644,Almacen 671
Almacen 644,Almacen 676
Almacen 644,Almacen 680
Almacen 644,Almacen 683
Almacen 644,Almacen 685
Almacen 644,Almacen 691
Almacen 644,Almacen 695
Almacen 644,Almacen 702
Almacen 644,Almacen 706
Almacen 644,Almacen 728
Almacen 644,Almacen 730
Almacen 644,Almacen 732
Almacen 644,Almacen 735
Almacen 644,Almacen 1192
Almacen 644,Almacen 1344
Almacen 644,Almacen 1345
Almacen 644,Almacen 1431
Almacen 646,Almacen 288
Almacen 647,Almacen 478
Almacen 647,Almacen 538
Almacen 647,Almacen 647
Almacen 649,Almacen 267
Almacen 649,Almacen 443
Almacen 649,Almacen 445
Almacen 649,Almacen 449
Almacen 649,Almacen 454
Almacen 649,Almacen 536
Almacen 649,Almacen 571
Almacen 649,Almacen 593
Almacen 649,Almacen 622
Almacen 649,Almacen 624
Almacen 649,Almacen 628
Almacen 649,Almacen 642
Almacen 649,Almacen 647
Almacen 649,Almacen 649
Almacen 649,Almacen 653
Almacen 649,Almacen 654
Almacen 649,Almacen 663
Almacen 649,Almacen 664
Almacen 649,Almacen 669
Almacen 649,Almacen 676
Almacen 649,Almacen 677
Almacen 649,Almacen 680
Almacen 649,Almacen 685
Almacen 649,Almacen 694
Almacen 649,Almacen 695
Almacen 649,Almacen 697
Almacen 649,Almacen 699
Almacen 649,Almacen 706
Almacen 649,Almacen 711
Almacen 649,Almacen 721
Almacen 649,Almacen 725
Almacen 649,Almacen 728
Almacen 649,Almacen 730
Almacen 649,Almacen 732
Almacen 649,Almacen 743
Almacen 649,Almacen 754
Almacen 649,Almacen 815
Almacen 649,Almacen 1105
Almacen 649,Almacen 1112
Almacen 649,Almacen 1121
Almacen 649,Almacen 1209
Almacen 649,Almacen 1247
Almacen 649,Almacen 1269
Almacen 649,Almacen 1338
Almacen 649,Almacen 1379
Almacen 649,Almacen 1399
Almacen 649,Almacen 1406
Almacen 651,Almacen 247
Almacen 651,Almacen 248
Almacen 651,Almacen 262
Almacen 651,Almacen 267
Almacen 651,Almacen 333
Almacen 651,Almacen 432
Almacen 651,Almacen 443
Almacen 651,Almacen 445
Almacen 651,Almacen 496
Almacen 651,Almacen 595
Almacen 651,Almacen 622
Almacen 651,Almacen 625
Almacen 651,Almacen 626
Almacen 651,Almacen 627
Almacen 651,Almacen 628
Almacen 651,Almacen 636
Almacen 651,Almacen 642
Almacen 651,Almacen 643
Almacen 651,Almacen 647
Almacen 651,Almacen 649
Almacen 651,Almacen 653
Almacen 651,Almacen 663
Almacen 651,Almacen 664
Almacen 651,Almacen 666
Almacen 651,Almacen 669
Almacen 651,Almacen 671
Almacen 651,Almacen 676
Almacen 651,Almacen 680
Almacen 651,Almacen 683
Almacen 651,Almacen 691
Almacen 651,Almacen 692
Almacen 651,Almacen 694
Almacen 651,Almacen 695
Almacen 651,Almacen 697
Almacen 651,Almacen 728
Almacen 651,Almacen 730
Almacen 651,Almacen 735
Almacen 651,Almacen 739
Almacen 651,Almacen 740
Almacen 651,Almacen 804
Almacen 651,Almacen 1068
Almacen 651,Almacen 1071
Almacen 651,Almacen 1081
Almacen 651,Almacen 1087
Almacen 651,Almacen 1133
Almacen 651,Almacen 1177
Almacen 651,Almacen 1192
Almacen 651,Almacen 1204
Almacen 651,Almacen 1261
Almacen 651,Almacen 1299
Almacen 651,Almacen 1372
Almacen 651,Almacen 1379
Almacen 651,Almacen 1383
Almacen 652,Almacen 234
Almacen 652,Almacen 278
Almacen 652,Almacen 279
Almacen 652,Almacen 1206
Almacen 652,Almacen 1210
Almacen 652,Almacen 1394
Almacen 652,Almacen 1416
Almacen 653,Almacen 5
Almacen 653,Almacen 13
Almacen 653,Almacen 42
Almacen 653,Almacen 60
Almacen 653,Almacen 181
Almacen 653,Almacen 237
Almacen 653,Almacen 238
Almacen 653,Almacen 239
Almacen 653,Almacen 262
Almacen 653,Almacen 432
Almacen 653,Almacen 445
Almacen 653,Almacen 449
Almacen 653,Almacen 559
Almacen 653,Almacen 592
Almacen 653,Almacen 595
Almacen 653,Almacen 617
Almacen 653,Almacen 622
Almacen 653,Almacen 627
Almacen 653,Almacen 628
Almacen 653,Almacen 633
Almacen 653,Almacen 639
Almacen 653,Almacen 642
Almacen 653,Almacen 647
Almacen 653,Almacen 649
Almacen 653,Almacen 653
Almacen 653,Almacen 663
Almacen 653,Almacen 676
Almacen 653,Almacen 680
Almacen 653,Almacen 691
Almacen 653,Almacen 692
Almacen 653,Almacen 694
Almacen 653,Almacen 695
Almacen 653,Almacen 706
Almacen 653,Almacen 728
Almacen 653,Almacen 730
Almacen 653,Almacen 734
Almacen 653,Almacen 735
Almacen 653,Almacen 736
Almacen 653,Almacen 739
Almacen 653,Almacen 740
Almacen 653,Almacen 1067
Almacen 653,Almacen 1071
Almacen 653,Almacen 1081
Almacen 653,Almacen 1087
Almacen 653,Almacen 1121
Almacen 653,Almacen 1133
Almacen 653,Almacen 1167
Almacen 653,Almacen 1177
Almacen 653,Almacen 1263
Almacen 653,Almacen 1269
Almacen 653,Almacen 1337
Almacen 653,Almacen 1364
Almacen 653,Almacen 1383
Almacen 653,Almacen 1385
Almacen 653,Almacen 1466
Almacen 654,Almacen 563
Almacen 654,Almacen 732
Almacen 655,Almacen 0
Almacen 655,Almacen 1
Almacen 655,Almacen 2
Almacen 655,Almacen 3
Almacen 655,Almacen 4
Almacen 655,Almacen 6
Almacen 655,Almacen 7
Almacen 655,Almacen 8
Almacen 655,Almacen 9
Almacen 655,Almacen 10
Almacen 655,Almacen 11
Almacen 655,Almacen 12
Almacen 655,Almacen 14
Almacen 655,Almacen 15
Almacen 655,Almacen 16
Almacen 655,Almacen 17
Almacen 655,Almacen 18
Almacen 655,Almacen 19
Almacen 655,Almacen 20
Almacen 655,Almacen 21
Almacen 655,Almacen 22
Almacen 655,Almacen 23
Almacen 655,Almacen 24
Almacen 655,Almacen 25
Almacen 655,Almacen 26
Almacen 655,Almacen 27
Almacen 655,Almacen 28
Almacen 655,Almacen 29
Almacen 655,Almacen 30
Almacen 655,Almacen 31
Almacen 655,Almacen 32
Almacen 655,Almacen 33
Almacen 655,Almacen 35
Almacen 655,Almacen 36
Almacen 655,Almacen 37
Almacen 655,Almacen 38
Almacen 655,Almacen 39
Almacen 655,Almacen 40
Almacen 655,Almacen 41
Almacen 655,Almacen 43
Almacen 655,Almacen 44
Almacen 655,Almacen 45
Almacen 655,Almacen 46
Almacen 655,Almacen 47
Almacen 655,Almacen 48
Almacen 655,Almacen 49
Almacen 655,Almacen 50
Almacen 655,Almacen 51
Almacen 655,Almacen 52
Almacen 655,Almacen 53
Almacen 655,Almacen 54
Almacen 655,Almacen 55
Almacen 655,Almacen 56
Almacen 655,Almacen 57
Almacen 655,Almacen 58
Almacen 655,Almacen 59
Almacen 655,Almacen 61
Almacen 655,Almacen 62
Almacen 655,Almacen 63
Almacen 655,Almacen 65
Almacen 655,Almacen 66
Almacen 655,Almacen 67
Almacen 655,Almacen 68
Almacen 655,Almacen 69
Almacen 655,Almacen 70
Almacen 655,Almacen 71
Almacen 655,Almacen 72
Almacen 655,Almacen 73
Almacen 655,Almacen 74
Almacen 655,Almacen 75
Almacen 655,Almacen 76
Almacen 655,Almacen 77
Almacen 655,Almacen 78
Almacen 655,Almacen 79
Almacen 655,Almacen 80
Almacen 655,Almacen 81
Almacen 655,Almacen 82
Almacen 655,Almacen 84
Almacen 655,Almacen 85
Almacen 655,Almacen 86
Almacen 655,Almacen 87
Almacen 655,Almacen 88
Almacen 655,Almacen 89
Almacen 655,Almacen 90
Almacen 655,Almacen 91
Almacen 655,Almacen 93
Almacen 655,Almacen 94
Almacen 655,Almacen 95
Almacen 655,Almacen 96
Almacen 655,Almacen 97
Almacen 655,Almacen 98
Almacen 655,Almacen 101
Almacen 655,Almacen 102
Almacen 655,Almacen 103
Almacen 655,Almacen 104
Almacen 655,Almacen 105
Almacen 655,Almacen 106
Almacen 655,Almacen 107
Almacen 655,Almacen 108
Almacen 655,Almacen 110
Almacen 655,Almacen 112
Almacen 655,Almacen 113
Almacen 655,Almacen 114
Almacen 655,Almacen 115
Almacen 655,Almacen 116
Almacen 655,Almacen 117
Almacen 655,Almacen 118
Almacen 655,Almacen 119
Almacen 655,Almacen 120
Almacen 655,Almacen 121
Almacen 655,Almacen 122
Almacen 655,Almacen 123
Almacen 655,Almacen 124
Almacen 655,Almacen 125
Almacen 655,Almacen 126
Almacen 655,Almacen 127
Almacen 655,Almacen 128
Almacen 655,Almacen 129
Almacen 655,Almacen 130
Almacen 655,Almacen 131
Almacen 655,Almacen 132
Almacen 655,Almacen 133
Almacen 655,Almacen 134
Almacen 655,Almacen 135
Almacen 655,Almacen 136
Almacen 655,Almacen 137
Almacen 655,Almacen 138
Almacen 655,Almacen 139
Almacen 655,Almacen 140
Almacen 655,Almacen 141
Almacen 655,Almacen 142
Almacen 655,Almacen 144
Almacen 655,Almacen 145
Almacen 655,Almacen 147
Almacen 655,Almacen 148
Almacen 655,Almacen 149
Almacen 655,Almacen 150
Almacen 655,Almacen 151
Almacen 655,Almacen 152
Almacen 655,Almacen 154
Almacen 655,Almacen 155
Almacen 655,Almacen 156
Almacen 655,Almacen 157
Almacen 655,Almacen 159
Almacen 655,Almacen 160
Almacen 655,Almacen 161
Almacen 655,Almacen 162
Almacen 655,Almacen 163
Almacen 655,Almacen 164
Almacen 655,Almacen 166
Almacen 655,Almacen 167
Almacen 655,Almacen 168
Almacen 655,Almacen 169
Almacen 655,Almacen 170
Almacen 655,Almacen 171
Almacen 655,Almacen 172
Almacen 655,Almacen 173
Almacen 655,Almacen 175
Almacen 655,Almacen 177
Almacen 655,Almacen 178
Almacen 655,Almacen 179
Almacen 655,Almacen 180
Almacen 655,Almacen 182
Almacen 655,Almacen 183
Almacen 655,Almacen 184
Almacen 655,Almacen 185
Almacen 655,Almacen 186
Almacen 655,Almacen 187
Almacen 655,Almacen 188
Almacen 655,Almacen 189
Almacen 655,Almacen 190
Almacen 655,Almacen 191
Almacen 655,Almacen 192
Almacen 655,Almacen 193
Almacen 655,Almacen 194
Almacen 655,Almacen 195
Almacen 655,Almacen 196
Almacen 655,Almacen 197
Almacen 655,Almacen 198
Almacen 655,Almacen 199
Almacen 655,Almacen 200
Almacen 655,Almacen 201
Almacen 655,Almacen 202
Almacen 655,Almacen 203
Almacen 655,Almacen 204
Almacen 655,Almacen 205
Almacen 655,Almacen 206
Almacen 655,Almacen 208
Almacen 655,Almacen 209
Almacen 655,Almacen 445
Almacen 655,Almacen 468
Almacen 655,Almacen 470
Almacen 655,Almacen 610
Almacen 655,Almacen 618
Almacen 655,Almacen 628
Almacen 655,Almacen 647
Almacen 655,Almacen 649
Almacen 655,Almacen 653
Almacen 655,Almacen 654
Almacen 655,Almacen 655
Almacen 655,Almacen 658
Almacen 655,Almacen 659
Almacen 655,Almacen 663
Almacen 655,Almacen 669
Almacen 655,Almacen 671
Almacen 655,Almacen 680
Almacen 655,Almacen 685
Almacen 655,Almacen 691
Almacen 655,Almacen 694
Almacen 655,Almacen 695
Almacen 655,Almacen 697
Almacen 655,Almacen 728
Almacen 655,Almacen 730
Almacen 655,Almacen 734
Almacen 655,Almacen 735
Almacen 655,Almacen 736
Almacen 655,Almacen 1087
Almacen 655,Almacen 1261
Almacen 656,Almacen 443
Almacen 656,Almacen 671
Almacen 659,Almacen 237
Almacen 659,Almacen 239
Almacen 659,Almacen 243
Almacen 659,Almacen 245
Almacen 659,Almacen 247
Almacen 659,Almacen 248
Almacen 659,Almacen 256
Almacen 659,Almacen 257
Almacen 659,Almacen 262
Almacen 659,Almacen 266
Almacen 659,Almacen 267
Almacen 659,Almacen 276
Almacen 659,Almacen 290
Almacen 659,Almacen 305
Almacen 659,Almacen 432
Almacen 659,Almacen 443
Almacen 659,Almacen 444
Almacen 659,Almacen 448
Almacen 659,Almacen 449
Almacen 659,Almacen 463
Almacen 659,Almacen 465
Almacen 659,Almacen 486
Almacen 659,Almacen 560
Almacen 659,Almacen 561
Almacen 659,Almacen 562
Almacen 659,Almacen 571
Almacen 659,Almacen 573
Almacen 659,Almacen 574
Almacen 659,Almacen 588
Almacen 659,Almacen 591
Almacen 659,Almacen 592
Almacen 659,Almacen 593
Almacen 659,Almacen 595
Almacen 659,Almacen 597
Almacen 659,Almacen 600
Almacen 659,Almacen 602
Almacen 659,Almacen 604
Almacen 659,Almacen 622
Almacen 659,Almacen 624
Almacen 659,Almacen 625
Almacen 659,Almacen 627
Almacen 659,Almacen 628
Almacen 659,Almacen 641
Almacen 659,Almacen 642
Almacen 659,Almacen 643
Almacen 659,Almacen 644
Almacen 659,Almacen 647
Almacen 659,Almacen 649
Almacen 659,Almacen 652
Almacen 659,Almacen 653
Almacen 659,Almacen 654
Almacen 659,Almacen 659
Almacen 659,Almacen 660
Almacen 659,Almacen 661
Almacen 659,Almacen 662
Almacen 659,Almacen 663
Almacen 659,Almacen 664
Almacen 659,Almacen 667
Almacen 659,Almacen 669
Almacen 659,Almacen 676
Almacen 659,Almacen 677
Almacen 659,Almacen 680
Almacen 659,Almacen 681
Almacen 659,Almacen 683
Almacen 659,Almacen 685
Almacen 659,Almacen 691
Almacen 659,Almacen 692
Almacen 659,Almacen 694
Almacen 659,Almacen 695
Almacen 659,Almacen 696
Almacen 659,Almacen 697
Almacen 659,Almacen 698
Almacen 659,Almacen 699
Almacen 659,Almacen 702
Almacen 659,Almacen 706
Almacen 659,Almacen 708
Almacen 659,Almacen 709
Almacen 659,Almacen 711
Almacen 659,Almacen 724
Almacen 659,Almacen 725
Almacen 659,Almacen 728
Almacen 659,Almacen 730
Almacen 659,Almacen 739
Almacen 659,Almacen 740
Almacen 659,Almacen 1041
Almacen 659,Almacen 1071
Almacen 659,Almacen 1076
Almacen 659,Almacen 1088
Almacen 659,Almacen 1114
Almacen 659,Almacen 1123
Almacen 659,Almacen 1128
Almacen 659,Almacen 1133
Almacen 659,Almacen 1138
Almacen 659,Almacen 1151
Almacen 659,Almacen 1175
Almacen 659,Almacen 1177
Almacen 659,Almacen 1204
Almacen 659,Almacen 1261
Almacen 659,Almacen 1269
Almacen 659,Almacen 1299
Almacen 659,Almacen 1302
Almacen 659,Almacen 1339
Almacen 659,Almacen 1372
Almacen 659,Almacen 1379
Almacen 659,Almacen 1452
Almacen 659,Almacen 1466
Almacen 660,Almacen 215
Almacen 660,Almacen 247
Almacen 660,Almacen 248
Almacen 660,Almacen 262
Almacen 660,Almacen 267
Almacen 660,Almacen 276
Almacen 660,Almacen 305
Almacen 660,Almacen 443
Almacen 660,Almacen 465
Almacen 660,Almacen 628
Almacen 660,Almacen 642
Almacen 660,Almacen 647
Almacen 660,Almacen 649
Almacen 660,Almacen 653
Almacen 660,Almacen 654
Almacen 660,Almacen 659
Almacen 660,Almacen 660
Almacen 660,Almacen 663
Almacen 660,Almacen 676
Almacen 660,Almacen 680
Almacen 660,Almacen 685
Almacen 660,Almacen 691
Almacen 660,Almacen 692
Almacen 660,Almacen 695
Almacen 660,Almacen 702
Almacen 660,Almacen 706
Almacen 660,Almacen 728
Almacen 660,Almacen 1041
Almacen 660,Almacen 1071
Almacen 660,Almacen 1076
Almacen 660,Almacen 1087
Almacen 660,Almacen 1088
Almacen 660,Almacen 1128
Almacen 660,Almacen 1133
Almacen 660,Almacen 1138
Almacen 660,Almacen 1158
Almacen 660,Almacen 1175
Almacen 660,Almacen 1177
Almacen 660,Almacen 1261
Almacen 660,Almacen 1339
Almacen 660,Almacen 1372
Almacen 660,Almacen 1379
Almacen 660,Almacen 1406
Almacen 661,Almacen 659
Almacen 662,Almacen 463
Almacen 662,Almacen 659
Almacen 662,Almacen 685
Almacen 662,Almacen 695
Almacen 662,Almacen 728
Almacen 663,Almacen 511
Almacen 663,Almacen 622
Almacen 664,Almacen 220
Almacen 664,Almacen 232
Almacen 664,Almacen 233
Almacen 664,Almacen 270
Almacen 664,Almacen 288
Almacen 664,Almacen 290
Almacen 664,Almacen 291
Almacen 664,Almacen 293
Almacen 664,Almacen 349
Almacen 664,Almacen 350
Almacen 664,Almacen 664
Almacen 664,Almacen 1045
Almacen 664,Almacen 1089
Almacen 664,Almacen 1104
Almacen 664,Almacen 1191
Almacen 664,Almacen 1207
Almacen 664,Almacen 1209
Almacen 664,Almacen 1279
Almacen 664,Almacen 1327
Almacen 664,Almacen 1329
Almacen 664,Almacen 1356
Almacen 664,Almacen 1399
Almacen 664,Almacen 1417
Almacen 664,Almacen 1418
Almacen 664,Almacen 1454
Almacen 666,Almacen 247
Almacen 666,Almacen 262
Almacen 666,Almacen 432
Almacen 666,Almacen 622
Almacen 666,Almacen 628
Almacen 666,Almacen 642
Almacen 666,Almacen 643
Almacen 666,Almacen 647
Almacen 666,Almacen 649
Almacen 666,Almacen 651
Almacen 666,Almacen 653
Almacen 666,Almacen 663
Almacen 666,Almacen 664
Almacen 666,Almacen 669
Almacen 666,Almacen 671
Almacen 666,Almacen 676
Almacen 666,Almacen 680
Almacen 666,Almacen 692
Almacen 666,Almacen 702
Almacen 666,Almacen 728
Almacen 666,Almacen 731
Almacen 666,Almacen 1041
Almacen 666,Almacen 1056
Almacen 666,Almacen 1087
Almacen 666,Almacen 1095
Almacen 666,Almacen 1177
Almacen 666,Almacen 1204
Almacen 666,Almacen 1383
Almacen 666,Almacen 1385
Almacen 667,Almacen 662
Almacen 668,Almacen 443
Almacen 668,Almacen 504
Almacen 668,Almacen 628
Almacen 668,Almacen 641
Almacen 668,Almacen 642
Almacen 668,Almacen 656
Almacen 668,Almacen 668
Almacen 668,Almacen 671
Almacen 668,Almacen 676
Almacen 668,Almacen 692
Almacen 668,Almacen 694
Almacen 668,Almacen 712
Almacen 668,Almacen 1431
Almacen 669,Almacen 531
Almacen 671,Almacen 221
Almacen 671,Almacen 236
Almacen 671,Almacen 237
Almacen 671,Almacen 238
Almacen 671,Almacen 239
Almacen 671,Almacen 243
Almacen 671,Almacen 247
Almacen 671,Almacen 248
Almacen 671,Almacen 250
Almacen 671,Almacen 256
Almacen 671,Almacen 262
Almacen 671,Almacen 266
Almacen 671,Almacen 276
Almacen 671,Almacen 295
Almacen 671,Almacen 299
Almacen 671,Almacen 305
Almacen 671,Almacen 308
Almacen 671,Almacen 331
Almacen 671,Almacen 332
Almacen 671,Almacen 333
Almacen 671,Almacen 356
Almacen 671,Almacen 359
Almacen 671,Almacen 367
Almacen 671,Almacen 432
Almacen 671,Almacen 442
Almacen 671,Almacen 443
Almacen 671,Almacen 444
Almacen 671,Almacen 445
Almacen 671,Almacen 490
Almacen 671,Almacen 492
Almacen 671,Almacen 494
Almacen 671,Almacen 513
Almacen 671,Almacen 555
Almacen 671,Almacen 569
Almacen 671,Almacen 610
Almacen 671,Almacen 614
Almacen 671,Almacen 622
Almacen 671,Almacen 625
Almacen 671,Almacen 626
Almacen 671,Almacen 627
Almacen 671,Almacen 628
Almacen 671,Almacen 641
Almacen 671,Almacen 642
Almacen 671,Almacen 647
Almacen 671,Almacen 649
Almacen 671,Almacen 651
Almacen 671,Almacen 652
Almacen 671,Almacen 653
Almacen 671,Almacen 656
Almacen 671,Almacen 659
Almacen 671,Almacen 663
Almacen 671,Almacen 664
Almacen 671,Almacen 668
Almacen 671,Almacen 669
Almacen 671,Almacen 671
Almacen 671,Almacen 676
Almacen 671,Almacen 677
Almacen 671,Almacen 680
Almacen 671,Almacen 682
Almacen 671,Almacen 683
Almacen 671,Almacen 685
Almacen 671,Almacen 689
Almacen 671,Almacen 691
Almacen 671,Almacen 692
Almacen 671,Almacen 694
Almacen 671,Almacen 695
Almacen 671,Almacen 696
Almacen 671,Almacen 697
Almacen 671,Almacen 702
Almacen 671,Almacen 705
Almacen 671,Almacen 708
Almacen 671,Almacen 709
Almacen 671,Almacen 711
Almacen 671,Almacen 712
Almacen 671,Almacen 724
Almacen 671,Almacen 728
Almacen 671,Almacen 730
Almacen 671,Almacen 731
Almacen 671,Almacen 739
Almacen 671,Almacen 740
Almacen 671,Almacen 742
Almacen 671,Almacen 748
Almacen 671,Almacen 754
Almacen 671,Almacen 799
Almacen 671,Almacen 804
Almacen 671,Almacen 812
Almacen 671,Almacen 1037
Almacen 671,Almacen 1041
Almacen 671,Almacen 1045
Almacen 671,Almacen 1047
Almacen 671,Almacen 1067
Almacen 671,Almacen 1068
Almacen 671,Almacen 1069
Almacen 671,Almacen 1071
Almacen 671,Almacen 1076
Almacen 671,Almacen 1081
Almacen 671,Almacen 1082
Almacen 671,Almacen 1085
Almacen 671,Almacen 1087
Almacen 671,Almacen 1099
Almacen 671,Almacen 1100
Almacen 671,Almacen 1101
Almacen 671,Almacen 1114
Almacen 671,Almacen 1123
Almacen 671,Almacen 1128
Almacen 671,Almacen 1133
Almacen 671,Almacen 1146
Almacen 671,Almacen 1158
Almacen 671,Almacen 1167
Almacen 671,Almacen 1175
Almacen 671,Almacen 1177
Almacen 671,Almacen 1179
Almacen 671,Almacen 1181
Almacen 671,Almacen 1192
Almacen 671,Almacen 1194
Almacen 671,Almacen 1204
Almacen 671,Almacen 1209
Almacen 671,Almacen 1210
Almacen 671,Almacen 1230
Almacen 671,Almacen 1253
Almacen 671,Almacen 1258
Almacen 671,Almacen 1261
Almacen 671,Almacen 1265
Almacen 671,Almacen 1269
Almacen 671,Almacen 1273
Almacen 671,Almacen 1285
Almacen 671,Almacen 1299
Almacen 671,Almacen 1302
Almacen 671,Almacen 1339
Almacen 671,Almacen 1350
Almacen 671,Almacen 1360
Almacen 671,Almacen 1372
Almacen 671,Almacen 1379
Almacen 671,Almacen 1385
Almacen 671,Almacen 1407
Almacen 671,Almacen 1411
Almacen 671,Almacen 1421
Almacen 671,Almacen 1426
Almacen 671,Almacen 1430
Almacen 671,Almacen 1431
Almacen 671,Almacen 1432
Almacen 671,Almacen 1447
Almacen 671,Almacen 1448
Almacen 671,Almacen 1454
Almacen 671,Almacen 1466
Almacen 676,Almacen 232
Almacen 676,Almacen 234
Almacen 676,Almacen 247
Almacen 676,Almacen 259
Almacen 676,Almacen 260
Almacen 676,Almacen 264
Almacen 676,Almacen 279
Almacen 676,Almacen 442
Almacen 676,Almacen 443
Almacen 676,Almacen 444
Almacen 676,Almacen 449
Almacen 676,Almacen 492
Almacen 676,Almacen 504
Almacen 676,Almacen 505
Almacen 676,Almacen 508
Almacen 676,Almacen 571
Almacen 676,Almacen 588
Almacen 676,Almacen 589
Almacen 676,Almacen 591
Almacen 676,Almacen 593
Almacen 676,Almacen 595
Almacen 676,Almacen 597
Almacen 676,Almacen 598
Almacen 676,Almacen 610
Almacen 676,Almacen 622
Almacen 676,Almacen 642
Almacen 676,Almacen 649
Almacen 676,Almacen 664
Almacen 676,Almacen 668
Almacen 676,Almacen 671
Almacen 676,Almacen 676
Almacen 676,Almacen 689
Almacen 676,Almacen 692
Almacen 676,Almacen 695
Almacen 676,Almacen 702
Almacen 676,Almacen 721
Almacen 676,Almacen 724
Almacen 676,Almacen 728
Almacen 676,Almacen 730
Almacen 676,Almacen 731
Almacen 676,Almacen 1041
Almacen 676,Almacen 1087
Almacen 676,Almacen 1135
Almacen 676,Almacen 1137
Almacen 676,Almacen 1167
Almacen 676,Almacen 1175
Almacen 676,Almacen 1183
Almacen 676,Almacen 1209
Almacen 676,Almacen 1210
Almacen 676,Almacen 1261
Almacen 676,Almacen 1299
Almacen 676,Almacen 1379
Almacen 676,Almacen 1383
Almacen 676,Almacen 1411
Almacen 676,Almacen 1413
Almacen 677,Almacen 443
Almacen 677,Almacen 469
Almacen 677,Almacen 471
Almacen 677,Almacen 472
Almacen 677,Almacen 528
Almacen 677,Almacen 566
Almacen 677,Almacen 610
Almacen 677,Almacen 624
Almacen 677,Almacen 625
Almacen 677,Almacen 633
Almacen 677,Almacen 641
Almacen 677,Almacen 647
Almacen 677,Almacen 649
Almacen 677,Almacen 654
Almacen 677,Almacen 659
Almacen 677,Almacen 663
Almacen 677,Almacen 671
Almacen 677,Almacen 691
Almacen 677,Almacen 698
Almacen 677,Almacen 706
Almacen 677,Almacen 711
Almacen 677,Almacen 728
Almacen 677,Almacen 730
Almacen 677,Almacen 735
Almacen 680,Almacen 544
Almacen 680,Almacen 680
Almacen 680,Almacen 732
Almacen 681,Almacen 648
Almacen 682,Almacen 1056
Almacen 682,Almacen 1060
Almacen 682,Almacen 1061
Almacen 682,Almacen 1439
Almacen 683,Almacen 1059
Almacen 683,Almacen 1060
Almacen 683,Almacen 1205
Almacen 683,Almacen 1206
Almacen 683,Almacen 1346
Almacen 683,Almacen 1470
Almacen 685,Almacen 449
Almacen 685,Almacen 465
Almacen 685,Almacen 591
Almacen 685,Almacen 593
Almacen 685,Almacen 597
Almacen 685,Almacen 604
Almacen 685,Almacen 622
Almacen 685,Almacen 625
Almacen 685,Almacen 627
Almacen 685,Almacen 628
Almacen 685,Almacen 641
Almacen 685,Almacen 642
Almacen 685,Almacen 647
Almacen 685,Almacen 649
Almacen 685,Almacen 659
Almacen 685,Almacen 663
Almacen 685,Almacen 669
Almacen 685,Almacen 676
Almacen 685,Almacen 677
Almacen 685,Almacen 680
Almacen 685,Almacen 683
Almacen 685,Almacen 691
Almacen 685,Almacen 694
Almacen 685,Almacen 695
Almacen 685,Almacen 697
Almacen 685,Almacen 702
Almacen 685,Almacen 706
Almacen 685,Almacen 711
Almacen 685,Almacen 728
Almacen 685,Almacen 730
Almacen 685,Almacen 1138
Almacen 685,Almacen 1154
Almacen 685,Almacen 1263
Almacen 685,Almacen 1302
Almacen 686,Almacen 622
Almacen 686,Almacen 627
Almacen 686,Almacen 642
Almacen 686,Almacen 643
Almacen 686,Almacen 664
Almacen 686,Almacen 682
Almacen 686,Almacen 683
Almacen 686,Almacen 706
Almacen 686,Almacen 1302
Almacen 686,Almacen 1379
Almacen 688,Almacen 445
Almacen 688,Almacen 555
Almacen 688,Almacen 622
Almacen 688,Almacen 628
Almacen 688,Almacen 641
Almacen 688,Almacen 669
Almacen 688,Almacen 680
Almacen 688,Almacen 730
Almacen 688,Almacen 1192
Almacen 688,Almacen 1269
Almacen 689,Almacen 445
Almacen 689,Almacen 499
Almacen 689,Almacen 628
Almacen 689,Almacen 642
Almacen 689,Almacen 647
Almacen 689,Almacen 649
Almacen 689,Almacen 669
Almacen 689,Almacen 671
Almacen 689,Almacen 676
Almacen 689,Almacen 680
Almacen 689,Almacen 695
Almacen 689,Almacen 728
Almacen 689,Almacen 1041
Almacen 689,Almacen 1076
Almacen 689,Almacen 1379
Almacen 689,Almacen 1407
Almacen 690,Almacen 246
Almacen 690,Almacen 247
Almacen 690,Almacen 445
Almacen 690,Almacen 628
Almacen 690,Almacen 633
Almacen 690,Almacen 647
Almacen 690,Almacen 680
Almacen 690,Almacen 694
Almacen 690,Almacen 695
Almacen 690,Almacen 728
Almacen 690,Almacen 734
Almacen 690,Almacen 735
Almacen 691,Almacen 278
Almacen 691,Almacen 485
Almacen 691,Almacen 691
Almacen 691,Almacen 732
Almacen 691,Almacen 1439
Almacen 692,Almacen 247
Almacen 692,Almacen 248
Almacen 692,Almacen 256
Almacen 692,Almacen 262
Almacen 692,Almacen 266
Almacen 692,Almacen 267
Almacen 692,Almacen 270
Almacen 692,Almacen 272
Almacen 692,Almacen 276
Almacen 692,Almacen 305
Almacen 692,Almacen 331
Almacen 692,Almacen 332
Almacen 692,Almacen 333
Almacen 692,Almacen 359
Almacen 692,Almacen 432
Almacen 692,Almacen 437
Almacen 692,Almacen 442
Almacen 692,Almacen 443
Almacen 692,Almacen 445
Almacen 692,Almacen 502
Almacen 692,Almacen 593
Almacen 692,Almacen 610
Almacen 692,Almacen 622
Almacen 692,Almacen 625
Almacen 692,Almacen 626
Almacen 692,Almacen 627
Almacen 692,Almacen 628
Almacen 692,Almacen 641
Almacen 692,Almacen 642
Almacen 692,Almacen 643
Almacen 692,Almacen 647
Almacen 692,Almacen 649
Almacen 692,Almacen 651
Almacen 692,Almacen 652
Almacen 692,Almacen 653
Almacen 692,Almacen 663
Almacen 692,Almacen 664
Almacen 692,Almacen 666
Almacen 692,Almacen 668
Almacen 692,Almacen 669
Almacen 692,Almacen 671
Almacen 692,Almacen 676
Almacen 692,Almacen 677
Almacen 692,Almacen 680
Almacen 692,Almacen 683
Almacen 692,Almacen 685
Almacen 692,Almacen 691
Almacen 692,Almacen 692
Almacen 692,Almacen 694
Almacen 692,Almacen 695
Almacen 692,Almacen 696
Almacen 692,Almacen 697
Almacen 692,Almacen 702
Almacen 692,Almacen 708
Almacen 692,Almacen 709
Almacen 692,Almacen 724
Almacen 692,Almacen 728
Almacen 692,Almacen 730
Almacen 692,Almacen 731
Almacen 692,Almacen 734
Almacen 692,Almacen 735
Almacen 692,Almacen 739
Almacen 692,Almacen 740
Almacen 692,Almacen 748
Almacen 692,Almacen 804
Almacen 692,Almacen 1037
Almacen 692,Almacen 1041
Almacen 692,Almacen 1060
Almacen 692,Almacen 1067
Almacen 692,Almacen 1068
Almacen 692,Almacen 1069
Almacen 692,Almacen 1071
Almacen 692,Almacen 1076
Almacen 692,Almacen 1081
Almacen 692,Almacen 1082
Almacen 692,Almacen 1087
Almacen 692,Almacen 1099
Almacen 692,Almacen 1100
Almacen 692,Almacen 1128
Almacen 692,Almacen 1133
Almacen 692,Almacen 1167
Almacen 692,Almacen 1177
Almacen 692,Almacen 1183
Almacen 692,Almacen 1192
Almacen 692,Almacen 1197
Almacen 692,Almacen 1204
Almacen 692,Almacen 1206
Almacen 692,Almacen 1209
Almacen 692,Almacen 1255
Almacen 692,Almacen 1261
Almacen 692,Almacen 1265
Almacen 692,Almacen 1269
Almacen 692,Almacen 1299
Almacen 692,Almacen 1302
Almacen 692,Almacen 1339
Almacen 692,Almacen 1362
Almacen 692,Almacen 1372
Almacen 692,Almacen 1379
Almacen 692,Almacen 1407
Almacen 692,Almacen 1411
Almacen 692,Almacen 1421
Almacen 692,Almacen 1426
Almacen 692,Almacen 1429
Almacen 692,Almacen 1430
Almacen 692,Almacen 1431
Almacen 694,Almacen 478
Almacen 694,Almacen 532
Almacen 694,Almacen 693
Almacen 695,Almacen 547
Almacen 695,Almacen 647
Almacen 695,Almacen 653
Almacen 695,Almacen 695
Almacen 695,Almacen 732
Almacen 696,Almacen 222
Almacen 696,Almacen 224
Almacen 696,Almacen 247
Almacen 696,Almacen 248
Almacen 696,Almacen 262
Almacen 696,Almacen 263
Almacen 696,Almacen 266
Almacen 696,Almacen 267
Almacen 696,Almacen 271
Almacen 696,Almacen 291
Almacen 696,Almacen 299
Almacen 696,Almacen 304
Almacen 696,Almacen 305
Almacen 696,Almacen 309
Almacen 696,Almacen 312
Almacen 696,Almacen 314
Almacen 696,Almacen 319
Almacen 696,Almacen 331
Almacen 696,Almacen 332
Almacen 696,Almacen 338
Almacen 696,Almacen 341
Almacen 696,Almacen 432
Almacen 696,Almacen 443
Almacen 696,Almacen 446
Almacen 696,Almacen 449
Almacen 696,Almacen 527
Almacen 696,Almacen 537
Almacen 696,Almacen 539
Almacen 696,Almacen 540
Almacen 696,Almacen 571
Almacen 696,Almacen 574
Almacen 696,Almacen 588
Almacen 696,Almacen 591
Almacen 696,Almacen 593
Almacen 696,Almacen 595
Almacen 696,Almacen 598
Almacen 696,Almacen 602
Almacen 696,Almacen 604
Almacen 696,Almacen 612
Almacen 696,Almacen 615
Almacen 696,Almacen 622
Almacen 696,Almacen 624
Almacen 696,Almacen 625
Almacen 696,Almacen 627
Almacen 696,Almacen 628
Almacen 696,Almacen 633
Almacen 696,Almacen 641
Almacen 696,Almacen 642
Almacen 696,Almacen 643
Almacen 696,Almacen 647
Almacen 696,Almacen 649
Almacen 696,Almacen 653
Almacen 696,Almacen 654
Almacen 696,Almacen 663
Almacen 696,Almacen 664
Almacen 696,Almacen 669
Almacen 696,Almacen 670
Almacen 696,Almacen 680
Almacen 696,Almacen 683
Almacen 696,Almacen 685
Almacen 696,Almacen 686
Almacen 696,Almacen 691
Almacen 696,Almacen 694
Almacen 696,Almacen 695
Almacen 696,Almacen 696
Almacen 696,Almacen 697
Almacen 696,Almacen 698
Almacen 696,Almacen 702
Almacen 696,Almacen 706
Almacen 696,Almacen 708
Almacen 696,Almacen 709
Almacen 696,Almacen 713
Almacen 696,Almacen 714
Almacen 696,Almacen 724
Almacen 696,Almacen 728
Almacen 696,Almacen 730
Almacen 696,Almacen 735
Almacen 696,Almacen 739
Almacen 696,Almacen 740
Almacen 696,Almacen 744
Almacen 696,Almacen 754
Almacen 696,Almacen 1041
Almacen 696,Almacen 1067
Almacen 696,Almacen 1068
Almacen 696,Almacen 1071
Almacen 696,Almacen 1073
Almacen 696,Almacen 1076
Almacen 696,Almacen 1082
Almacen 696,Almacen 1087
Almacen 696,Almacen 1099
Almacen 696,Almacen 1101
Almacen 696,Almacen 1128
Almacen 696,Almacen 1133
Almacen 696,Almacen 1151
Almacen 696,Almacen 1156
Almacen 696,Almacen 1168
Almacen 696,Almacen 1177
Almacen 696,Almacen 1204
Almacen 696,Almacen 1238
Almacen 696,Almacen 1261
Almacen 696,Almacen 1263
Almacen 696,Almacen 1265
Almacen 696,Almacen 1288
Almacen 696,Almacen 1299
Almacen 696,Almacen 1302
Almacen 696,Almacen 1339
Almacen 696,Almacen 1348
Almacen 696,Almacen 1358
Almacen 696,Almacen 1360
Almacen 696,Almacen 1372
Almacen 696,Almacen 1379
Almacen 696,Almacen 1408
Almacen 696,Almacen 1430
Almacen 697,Almacen 0
Almacen 697,Almacen 1
Almacen 697,Almacen 2
Almacen 697,Almacen 6
Almacen 697,Almacen 10
Almacen 697,Almacen 12
Almacen 697,Almacen 34
Almacen 697,Almacen 65
Almacen 697,Almacen 72
Almacen 697,Almacen 73
Almacen 697,Almacen 78
Almacen 697,Almacen 83
Almacen 697,Almacen 99
Almacen 697,Almacen 111
Almacen 697,Almacen 114
Almacen 697,Almacen 116
Almacen 697,Almacen 143
Almacen 697,Almacen 147
Almacen 697,Almacen 165
Almacen 697,Almacen 174
Almacen 697,Almacen 176
Almacen 697,Almacen 188
Almacen 697,Almacen 203
Almacen 697,Almacen 207
Almacen 697,Almacen 443
Almacen 697,Almacen 509
Almacen 697,Almacen 512
Almacen 697,Almacen 624
Almacen 697,Almacen 632
Almacen 697,Almacen 641
Almacen 697,Almacen 649
Almacen 697,Almacen 685
Almacen 697,Almacen 697
Almacen 697,Almacen 698
Almacen 697,Almacen 728
Almacen 699,Almacen 659
Almacen 699,Almacen 702
Almacen 699,Almacen 730
Almacen 702,Almacen 217
Almacen 702,Almacen 232
Almacen 702,Almacen 243
Almacen 702,Almacen 247
Almacen 702,Almacen 248
Almacen 702,Almacen 256
Almacen 702,Almacen 257
Almacen 702,Almacen 262
Almacen 702,Almacen 267
Almacen 702,Almacen 290
Almacen 702,Almacen 304
Almacen 702,Almacen 305
Almacen 702,Almacen 331
Almacen 702,Almacen 332
Almacen 702,Almacen 442
Almacen 702,Almacen 445
Almacen 702,Almacen 449
Almacen 702,Almacen 461
Almacen 702,Almacen 465
Almacen 702,Almacen 478
Almacen 702,Almacen 479
Almacen 702,Almacen 571
Almacen 702,Almacen 588
Almacen 702,Almacen 591
Almacen 702,Almacen 593
Almacen 702,Almacen 595
Almacen 702,Almacen 597
Almacen 702,Almacen 600
Almacen 702,Almacen 604
Almacen 702,Almacen 610
Almacen 702,Almacen 622
Almacen 702,Almacen 624
Almacen 702,Almacen 625
Almacen 702,Almacen 627
Almacen 702,Almacen 628
Almacen 702,Almacen 636
Almacen 702,Almacen 641
Almacen 702,Almacen 642
Almacen 702,Almacen 643
Almacen 702,Almacen 647
Almacen 702,Almacen 649
Almacen 702,Almacen 653
Almacen 702,Almacen 654
Almacen 702,Almacen 659
Almacen 702,Almacen 663
Almacen 702,Almacen 664
Almacen 702,Almacen 668
Almacen 702,Almacen 669
Almacen 702,Almacen 671
Almacen 702,Almacen 676
Almacen 702,Almacen 677
Almacen 702,Almacen 680
Almacen 702,Almacen 683
Almacen 702,Almacen 685
Almacen 702,Almacen 691
Almacen 702,Almacen 692
Almacen 702,Almacen 694
Almacen 702,Almacen 695
Almacen 702,Almacen 696
Almacen 702,Almacen 697
Almacen 702,Almacen 702
Almacen 702,Almacen 706
Almacen 702,Almacen 708
Almacen 702,Almacen 711
Almacen 702,Almacen 718
Almacen 702,Almacen 724
Almacen 702,Almacen 726
Almacen 702,Almacen 728
Almacen 702,Almacen 730
Almacen 702,Almacen 739
Almacen 702,Almacen 740
Almacen 702,Almacen 809
Almacen 702,Almacen 815
Almacen 702,Almacen 819
Almacen 702,Almacen 1056
Almacen 702,Almacen 1072
Almacen 702,Almacen 1081
Almacen 702,Almacen 1087
Almacen 702,Almacen 1088
Almacen 702,Almacen 1154
Almacen 702,Almacen 1167
Almacen 702,Almacen 1175
Almacen 702,Almacen 1177
Almacen 702,Almacen 1183
Almacen 702,Almacen 1192
Almacen 702,Almacen 1204
Almacen 702,Almacen 1261
Almacen 702,Almacen 1269
Almacen 702,Almacen 1299
Almacen 702,Almacen 1302
Almacen 702,Almacen 1324
Almacen 702,Almacen 1379
Almacen 702,Almacen 1383
Almacen 702,Almacen 1385
Almacen 702,Almacen 1406
Almacen 702,Almacen 1454
Almacen 702,Almacen 1466
Almacen 703,Almacen 443
Almacen 703,Almacen 683
Almacen 706,Almacen 6
Almacen 706,Almacen 81
Almacen 706,Almacen 92
Almacen 706,Almacen 100
Almacen 706,Almacen 109
Almacen 706,Almacen 114
Almacen 706,Almacen 146
Almacen 706,Almacen 147
Almacen 706,Almacen 153
Almacen 706,Almacen 158
Almacen 706,Almacen 161
Almacen 706,Almacen 192
Almacen 706,Almacen 205
Almacen 706,Almacen 209
Almacen 706,Almacen 248
Almacen 706,Almacen 304
Almacen 706,Almacen 483
Almacen 706,Almacen 631
Almacen 706,Almacen 642
Almacen 706,Almacen 669
Almacen 706,Almacen 706
Almacen 706,Almacen 714
Almacen 706,Almacen 730
Almacen 706,Almacen 1081
Almacen 706,Almacen 1168
Almacen 706,Almacen 1204
Almacen 706,Almacen 1261
Almacen 706,Almacen 1339
Almacen 706,Almacen 1399
Almacen 708,Almacen 1383
Almacen 708,Almacen 1385
Almacen 708,Almacen 1470
Almacen 709,Almacen 1383
Almacen 709,Almacen 1385
Almacen 711,Almacen 239
Almacen 711,Almacen 248
Almacen 711,Almacen 262
Almacen 711,Almacen 276
Almacen 711,Almacen 299
Almacen 711,Almacen 305
Almacen 711,Almacen 314
Almacen 711,Almacen 317
Almacen 711,Almacen 319
Almacen 711,Almacen 332
Almacen 711,Almacen 341
Almacen 711,Almacen 442
Almacen 711,Almacen 443
Almacen 711,Almacen 444
Almacen 711,Almacen 455
Almacen 711,Almacen 591
Almacen 711,Almacen 593
Almacen 711,Almacen 598
Almacen 711,Almacen 610
Almacen 711,Almacen 622
Almacen 711,Almacen 624
Almacen 711,Almacen 625
Almacen 711,Almacen 627
Almacen 711,Almacen 628
Almacen 711,Almacen 641
Almacen 711,Almacen 642
Almacen 711,Almacen 643
Almacen 711,Almacen 647
Almacen 711,Almacen 648
Almacen 711,Almacen 649
Almacen 711,Almacen 653
Almacen 711,Almacen 654
Almacen 711,Almacen 659
Almacen 711,Almacen 663
Almacen 711,Almacen 669
Almacen 711,Almacen 676
Almacen 711,Almacen 677
Almacen 711,Almacen 680
Almacen 711,Almacen 681
Almacen 711,Almacen 683
Almacen 711,Almacen 685
Almacen 711,Almacen 687
Almacen 711,Almacen 691
Almacen 711,Almacen 692
Almacen 711,Almacen 694
Almacen 711,Almacen 695
Almacen 711,Almacen 697
Almacen 711,Almacen 700
Almacen 711,Almacen 702
Almacen 711,Almacen 706
Almacen 711,Almacen 711
Almacen 711,Almacen 728
Almacen 711,Almacen 730
Almacen 711,Almacen 734
Almacen 711,Almacen 735
Almacen 711,Almacen 739
Almacen 711,Almacen 740
Almacen 711,Almacen 804
Almacen 711,Almacen 1041
Almacen 711,Almacen 1067
Almacen 711,Almacen 1068
Almacen 711,Almacen 1071
Almacen 711,Almacen 1076
Almacen 711,Almacen 1087
Almacen 711,Almacen 1100
Almacen 711,Almacen 1101
Almacen 711,Almacen 1167
Almacen 711,Almacen 1175
Almacen 711,Almacen 1177
Almacen 711,Almacen 1204
Almacen 711,Almacen 1261
Almacen 711,Almacen 1269
Almacen 711,Almacen 1299
Almacen 711,Almacen 1302
Almacen 711,Almacen 1372
Almacen 711,Almacen 1379
Almacen 711,Almacen 1406
Almacen 711,Almacen 1426
Almacen 711,Almacen 1431
Almacen 711,Almacen 1432
Almacen 711,Almacen 1450
Almacen 712,Almacen 500
Almacen 712,Almacen 505
Almacen 712,Almacen 506
Almacen 712,Almacen 507
Almacen 712,Almacen 668
Almacen 712,Almacen 671
Almacen 712,Almacen 692
Almacen 712,Almacen 1135
Almacen 715,Almacen 576
Almacen 715,Almacen 625
Almacen 715,Almacen 628
Almacen 715,Almacen 647
Almacen 715,Almacen 649
Almacen 715,Almacen 653
Almacen 715,Almacen 654
Almacen 715,Almacen 663
Almacen 715,Almacen 669
Almacen 715,Almacen 680
Almacen 715,Almacen 691
Almacen 715,Almacen 694
Almacen 715,Almacen 695
Almacen 715,Almacen 697
Almacen 715,Almacen 706
Almacen 715,Almacen 728
Almacen 715,Almacen 730
Almacen 716,Almacen 576
Almacen 716,Almacen 647
Almacen 716,Almacen 654
Almacen 716,Almacen 659
Almacen 716,Almacen 663
Almacen 716,Almacen 669
Almacen 716,Almacen 680
Almacen 716,Almacen 691
Almacen 716,Almacen 695
Almacen 716,Almacen 697
Almacen 717,Almacen 622
Almacen 717,Almacen 627
Almacen 717,Almacen 642
Almacen 717,Almacen 643
Almacen 717,Almacen 664
Almacen 717,Almacen 682
Almacen 717,Almacen 683
Almacen 717,Almacen 1206
Almacen 720,Almacen 525
Almacen 720,Almacen 637
Almacen 721,Almacen 221
Almacen 721,Almacen 262
Almacen 721,Almacen 267
Almacen 721,Almacen 314
Almacen 721,Almacen 332
Almacen 721,Almacen 333
Almacen 721,Almacen 445
Almacen 721,Almacen 488
Almacen 721,Almacen 571
Almacen 721,Almacen 622
Almacen 721,Almacen 624
Almacen 721,Almacen 625
Almacen 721,Almacen 627
Almacen 721,Almacen 628
Almacen 721,Almacen 641
Almacen 721,Almacen 642
Almacen 721,Almacen 647
Almacen 721,Almacen 649
Almacen 721,Almacen 653
Almacen 721,Almacen 654
Almacen 721,Almacen 659
Almacen 721,Almacen 663
Almacen 721,Almacen 669
Almacen 721,Almacen 676
Almacen 721,Almacen 677
Almacen 721,Almacen 680
Almacen 721,Almacen 685
Almacen 721,Almacen 691
Almacen 721,Almacen 694
Almacen 721,Almacen 695
Almacen 721,Almacen 697
Almacen 721,Almacen 706
Almacen 721,Almacen 708
Almacen 721,Almacen 711
Almacen 721,Almacen 721
Almacen 721,Almacen 728
Almacen 721,Almacen 730
Almacen 721,Almacen 734
Almacen 721,Almacen 735
Almacen 721,Almacen 1045
Almacen 721,Almacen 1047
Almacen 721,Almacen 1087
Almacen 721,Almacen 1123
Almacen 721,Almacen 1175
Almacen 721,Almacen 1192
Almacen 721,Almacen 1269
Almacen 721,Almacen 1383
Almacen 721,Almacen 1385
Almacen 721,Almacen 1466
Almacen 724,Almacen 443
Almacen 724,Almacen 497
Almacen 724,Almacen 504
Almacen 724,Almacen 622
Almacen 724,Almacen 663
Almacen 724,Almacen 669
Almacen 724,Almacen 671
Almacen 724,Almacen 676
Almacen 724,Almacen 680
Almacen 724,Almacen 692
Almacen 724,Almacen 724
Almacen 724,Almacen 728
Almacen 726,Almacen 595
Almacen 726,Almacen 622
Almacen 726,Almacen 642
Almacen 726,Almacen 676
Almacen 726,Almacen 706
Almacen 726,Almacen 726
Almacen 726,Almacen 1399
Almacen 728,Almacen 523
Almacen 729,Almacen 576
Almacen 729,Almacen 625
Almacen 729,Almacen 628
Almacen 729,Almacen 647
Almacen 729,Almacen 649
Almacen 729,Almacen 653
Almacen 729,Almacen 654
Almacen 729,Almacen 659
Almacen 729,Almacen 663
Almacen 729,Almacen 669
Almacen 729,Almacen 680
Almacen 729,Almacen 691
Almacen 729,Almacen 694
Almacen 729,Almacen 695
Almacen 729,Almacen 697
Almacen 729,Almacen 706
Almacen 729,Almacen 728
Almacen 730,Almacen 217
Almacen 730,Almacen 232
Almacen 730,Almacen 243
Almacen 730,Almacen 245
Almacen 730,Almacen 246
Almacen 730,Almacen 247
Almacen 730,Almacen 248
Almacen 730,Almacen 256
Almacen 730,Almacen 262
Almacen 730,Almacen 266
Almacen 730,Almacen 267
Almacen 730,Almacen 278
Almacen 730,Almacen 288
Almacen 730,Almacen 305
Almacen 730,Almacen 317
Almacen 730,Almacen 322
Almacen 730,Almacen 367
Almacen 730,Almacen 432
Almacen 730,Almacen 442
Almacen 730,Almacen 443
Almacen 730,Almacen 444
Almacen 730,Almacen 445
Almacen 730,Almacen 449
Almacen 730,Almacen 465
Almacen 730,Almacen 519
Almacen 730,Almacen 527
Almacen 730,Almacen 555
Almacen 730,Almacen 571
Almacen 730,Almacen 574
Almacen 730,Almacen 588
Almacen 730,Almacen 591
Almacen 730,Almacen 592
Almacen 730,Almacen 593
Almacen 730,Almacen 595
Almacen 730,Almacen 598
Almacen 730,Almacen 601
Almacen 730,Almacen 602
Almacen 730,Almacen 604
Almacen 730,Almacen 610
Almacen 730,Almacen 622
Almacen 730,Almacen 624
Almacen 730,Almacen 625
Almacen 730,Almacen 627
Almacen 730,Almacen 628
Almacen 730,Almacen 641
Almacen 730,Almacen 642
Almacen 730,Almacen 643
Almacen 730,Almacen 647
Almacen 730,Almacen 648
Almacen 730,Almacen 649
Almacen 730,Almacen 653
Almacen 730,Almacen 654
Almacen 730,Almacen 655
Almacen 730,Almacen 659
Almacen 730,Almacen 663
Almacen 730,Almacen 664
Almacen 730,Almacen 669
Almacen 730,Almacen 676
Almacen 730,Almacen 677
Almacen 730,Almacen 678
Almacen 730,Almacen 680
Almacen 730,Almacen 681
Almacen 730,Almacen 683
Almacen 730,Almacen 685
Almacen 730,Almacen 691
Almacen 730,Almacen 694
Almacen 730,Almacen 695
Almacen 730,Almacen 697
Almacen 730,Almacen 699
Almacen 730,Almacen 702
Almacen 730,Almacen 706
Almacen 730,Almacen 708
Almacen 730,Almacen 709
Almacen 730,Almacen 711
Almacen 730,Almacen 720
Almacen 730,Almacen 721
Almacen 730,Almacen 728
Almacen 730,Almacen 730
Almacen 730,Almacen 732
Almacen 730,Almacen 739
Almacen 730,Almacen 740
Almacen 730,Almacen 754
Almacen 730,Almacen 799
Almacen 730,Almacen 800
Almacen 730,Almacen 804
Almacen 730,Almacen 809
Almacen 730,Almacen 815
Almacen 730,Almacen 819
Almacen 730,Almacen 825
Almacen 730,Almacen 827
Almacen 730,Almacen 1041
Almacen 730,Almacen 1054
Almacen 730,Almacen 1061
Almacen 730,Almacen 1067
Almacen 730,Almacen 1068
Almacen 730,Almacen 1069
Almacen 730,Almacen 1070
Almacen 730,Almacen 1071
Almacen 730,Almacen 1076
Almacen 730,Almacen 1081
Almacen 730,Almacen 1082
Almacen 730,Almacen 1083
Almacen 730,Almacen 1087
Almacen 730,Almacen 1099
Almacen 730,Almacen 1100
Almacen 730,Almacen 1101
Almacen 730,Almacen 1105
Almacen 730,Almacen 1128
Almacen 730,Almacen 1133
Almacen 730,Almacen 1134
Almacen 730,Almacen 1138
Almacen 730,Almacen 1154
Almacen 730,Almacen 1167
Almacen 730,Almacen 1175
Almacen 730,Almacen 1177
Almacen 730,Almacen 1185
Almacen 730,Almacen 1192
Almacen 730,Almacen 1201
Almacen 730,Almacen 1204
Almacen 730,Almacen 1209
Almacen 730,Almacen 1230
Almacen 730,Almacen 1231
Almacen 730,Almacen 1261
Almacen 730,Almacen 1263
Almacen 730,Almacen 1265
Almacen 730,Almacen 1269
Almacen 730,Almacen 1273
Almacen 730,Almacen 1302
Almacen 730,Almacen 1322
Almacen 730,Almacen 1324
Almacen 730,Almacen 1339
Almacen 730,Almacen 1358
Almacen 730,Almacen 1372
Almacen 730,Almacen 1379
Almacen 730,Almacen 1399
Almacen 730,Almacen 1406
Almacen 730,Almacen 1411
Almacen 730,Almacen 1416
Almacen 730,Almacen 1421
Almacen 730,Almacen 1422
Almacen 730,Almacen 1443
Almacen 730,Almacen 1450
Almacen 730,Almacen 1452
Almacen 730,Almacen 1466
Almacen 731,Almacen 221
Almacen 731,Almacen 224
Almacen 731,Almacen 236
Almacen 731,Almacen 237
Almacen 731,Almacen 238
Almacen 731,Almacen 239
Almacen 731,Almacen 247
Almacen 731,Almacen 248
Almacen 731,Almacen 256
Almacen 731,Almacen 262
Almacen 731,Almacen 279
Almacen 731,Almacen 308
Almacen 731,Almacen 320
Almacen 731,Almacen 331
Almacen 731,Almacen 332
Almacen 731,Almacen 333
Almacen 731,Almacen 445
Almacen 731,Almacen 622
Almacen 731,Almacen 625
Almacen 731,Almacen 626
Almacen 731,Almacen 627
Almacen 731,Almacen 628
Almacen 731,Almacen 641
Almacen 731,Almacen 642
Almacen 731,Almacen 643
Almacen 731,Almacen 647
Almacen 731,Almacen 649
Almacen 731,Almacen 653
Almacen 731,Almacen 663
Almacen 731,Almacen 666
Almacen 731,Almacen 669
Almacen 731,Almacen 676
Almacen 731,Almacen 680
Almacen 731,Almacen 689
Almacen 731,Almacen 691
Almacen 731,Almacen 692
Almacen 731,Almacen 694
Almacen 731,Almacen 695
Almacen 731,Almacen 697
Almacen 731,Almacen 724
Almacen 731,Almacen 728
Almacen 731,Almacen 731
Almacen 731,Almacen 740
Almacen 731,Almacen 1087
Almacen 731,Almacen 1133
Almacen 731,Almacen 1146
Almacen 731,Almacen 1167
Almacen 731,Almacen 1177
Almacen 731,Almacen 1179
Almacen 731,Almacen 1192
Almacen 731,Almacen 1194
Almacen 731,Almacen 1269
Almacen 731,Almacen 1273
Almacen 731,Almacen 1299
Almacen 731,Almacen 1302
Almacen 731,Almacen 1344
Almacen 731,Almacen 1379
Almacen 731,Almacen 1396
Almacen 731,Almacen 1413
Almacen 731,Almacen 1466
Almacen 732,Almacen 278
Almacen 732,Almacen 442
Almacen 732,Almacen 445
Almacen 732,Almacen 555
Almacen 732,Almacen 624
Almacen 732,Almacen 625
Almacen 732,Almacen 628
Almacen 732,Almacen 641
Almacen 732,Almacen 642
Almacen 732,Almacen 644
Almacen 732,Almacen 647
Almacen 732,Almacen 649
Almacen 732,Almacen 653
Almacen 732,Almacen 654
Almacen 732,Almacen 663
Almacen 732,Almacen 669
Almacen 732,Almacen 677
Almacen 732,Almacen 680
Almacen 732,Almacen 683
Almacen 732,Almacen 685
Almacen 732,Almacen 688
Almacen 732,Almacen 691
Almacen 732,Almacen 694
Almacen 732,Almacen 695
Almacen 732,Almacen 702
Almacen 732,Almacen 728
Almacen 732,Almacen 730
Almacen 732,Almacen 754
Almacen 734,Almacen 217
Almacen 734,Almacen 238
Almacen 734,Almacen 239
Almacen 734,Almacen 243
Almacen 734,Almacen 246
Almacen 734,Almacen 247
Almacen 734,Almacen 248
Almacen 734,Almacen 256
Almacen 734,Almacen 262
Almacen 734,Almacen 266
Almacen 734,Almacen 267
Almacen 734,Almacen 276
Almacen 734,Almacen 299
Almacen 734,Almacen 305
Almacen 734,Almacen 367
Almacen 734,Almacen 432
Almacen 734,Almacen 442
Almacen 734,Almacen 443
Almacen 734,Almacen 445
Almacen 734,Almacen 476
Almacen 734,Almacen 486
Almacen 734,Almacen 519
Almacen 734,Almacen 571
Almacen 734,Almacen 591
Almacen 734,Almacen 598
Almacen 734,Almacen 604
Almacen 734,Almacen 610
Almacen 734,Almacen 622
Almacen 734,Almacen 624
Almacen 734,Almacen 625
Almacen 734,Almacen 626
Almacen 734,Almacen 627
Almacen 734,Almacen 628
Almacen 734,Almacen 633
Almacen 734,Almacen 639
Almacen 734,Almacen 641
Almacen 734,Almacen 642
Almacen 734,Almacen 643
Almacen 734,Almacen 647
Almacen 734,Almacen 649
Almacen 734,Almacen 651
Almacen 734,Almacen 653
Almacen 734,Almacen 654
Almacen 734,Almacen 655
Almacen 734,Almacen 659
Almacen 734,Almacen 663
Almacen 734,Almacen 664
Almacen 734,Almacen 668
Almacen 734,Almacen 669
Almacen 734,Almacen 671
Almacen 734,Almacen 676
Almacen 734,Almacen 677
Almacen 734,Almacen 680
Almacen 734,Almacen 683
Almacen 734,Almacen 685
Almacen 734,Almacen 690
Almacen 734,Almacen 691
Almacen 734,Almacen 692
Almacen 734,Almacen 694
Almacen 734,Almacen 695
Almacen 734,Almacen 697
Almacen 734,Almacen 702
Almacen 734,Almacen 706
Almacen 734,Almacen 708
Almacen 734,Almacen 709
Almacen 734,Almacen 711
Almacen 734,Almacen 721
Almacen 734,Almacen 728
Almacen 734,Almacen 730
Almacen 734,Almacen 734
Almacen 734,Almacen 735
Almacen 734,Almacen 736
Almacen 734,Almacen 739
Almacen 734,Almacen 740
Almacen 734,Almacen 777
Almacen 734,Almacen 799
Almacen 734,Almacen 804
Almacen 734,Almacen 809
Almacen 734,Almacen 815
Almacen 734,Almacen 819
Almacen 734,Almacen 1041
Almacen 734,Almacen 1045
Almacen 734,Almacen 1047
Almacen 734,Almacen 1054
Almacen 734,Almacen 1060
Almacen 734,Almacen 1067
Almacen 734,Almacen 1068
Almacen 734,Almacen 1069
Almacen 734,Almacen 1071
Almacen 734,Almacen 1076
Almacen 734,Almacen 1081
Almacen 734,Almacen 1082
Almacen 734,Almacen 1083
Almacen 734,Almacen 1087
Almacen 734,Almacen 1099
Almacen 734,Almacen 1100
Almacen 734,Almacen 1101
Almacen 734,Almacen 1114
Almacen 734,Almacen 1128
Almacen 734,Almacen 1133
Almacen 734,Almacen 1138
Almacen 734,Almacen 1151
Almacen 734,Almacen 1154
Almacen 734,Almacen 1167
Almacen 734,Almacen 1175
Almacen 734,Almacen 1177
Almacen 734,Almacen 1183
Almacen 734,Almacen 1185
Almacen 734,Almacen 1192
Almacen 734,Almacen 1204
Almacen 734,Almacen 1261
Almacen 734,Almacen 1263
Almacen 734,Almacen 1265
Almacen 734,Almacen 1269
Almacen 734,Almacen 1273
Almacen 734,Almacen 1299
Almacen 734,Almacen 1302
Almacen 734,Almacen 1324
Almacen 734,Almacen 1339
Almacen 734,Almacen 1372
Almacen 734,Almacen 1379
Almacen 734,Almacen 1383
Almacen 734,Almacen 1385
Almacen 734,Almacen 1421
Almacen 734,Almacen 1426
Almacen 734,Almacen 1429
Almacen 734,Almacen 1430
Almacen 734,Almacen 1431
Almacen 734,Almacen 1432
Almacen 734,Almacen 1450
Almacen 734,Almacen 1452
Almacen 735,Almacen 443
Almacen 735,Almacen 591
Almacen 735,Almacen 633
Almacen 735,Almacen 639
Almacen 735,Almacen 649
Almacen 735,Almacen 653
Almacen 735,Almacen 695
Almacen 735,Almacen 730
Almacen 735,Almacen 734
Almacen 735,Almacen 735
Almacen 735,Almacen 736
Almacen 735,Almacen 740
Almacen 735,Almacen 1060
Almacen 735,Almacen 1101
Almacen 735,Almacen 1269
Almacen 736,Almacen 262
Almacen 736,Almacen 432
Almacen 736,Almacen 625
Almacen 736,Almacen 628
Almacen 736,Almacen 633
Almacen 736,Almacen 641
Almacen 736,Almacen 642
Almacen 736,Almacen 643
Almacen 736,Almacen 647
Almacen 736,Almacen 649
Almacen 736,Almacen 651
Almacen 736,Almacen 653
Almacen 736,Almacen 654
Almacen 736,Almacen 655
Almacen 736,Almacen 669
Almacen 736,Almacen 671
Almacen 736,Almacen 676
Almacen 736,Almacen 677
Almacen 736,Almacen 680
Almacen 736,Almacen 683
Almacen 736,Almacen 691
Almacen 736,Almacen 692
Almacen 736,Almacen 694
Almacen 736,Almacen 695
Almacen 736,Almacen 697
Almacen 736,Almacen 728
Almacen 736,Almacen 734
Almacen 736,Almacen 736
Almacen 736,Almacen 739
Almacen 736,Almacen 740
Almacen 736,Almacen 1071
Almacen 736,Almacen 1261
Almacen 736,Almacen 1269
Almacen 736,Almacen 1379
Almacen 736,Almacen 1385
Almacen 764,Almacen 636
Almacen 764,Almacen 641
Almacen 764,Almacen 642
Almacen 764,Almacen 653
Almacen 764,Almacen 663
Almacen 764,Almacen 668
Almacen 764,Almacen 669
Almacen 764,Almacen 680
Almacen 764,Almacen 694
Almacen 764,Almacen 730
Almacen 791,Almacen 484
Almacen 791,Almacen 543
Almacen 791,Almacen 616
Almacen 791,Almacen 625
Almacen 791,Almacen 628
Almacen 791,Almacen 636
Almacen 791,Almacen 642
Almacen 791,Almacen 649
Almacen 791,Almacen 668
Almacen 791,Almacen 669
Almacen 791,Almacen 679
Almacen 791,Almacen 680
Almacen 791,Almacen 694
Almacen 791,Almacen 695
Almacen 791,Almacen 720
Almacen 791,Almacen 728
Almacen 791,Almacen 730
Almacen 793,Almacen 449
Almacen 793,Almacen 555
Almacen 793,Almacen 574
Almacen 793,Almacen 593
Almacen 793,Almacen 598
Almacen 793,Almacen 602
Almacen 793,Almacen 641
Almacen 793,Almacen 642
Almacen 793,Almacen 649
Almacen 793,Almacen 659
Almacen 793,Almacen 663
Almacen 793,Almacen 698
Almacen 793,Almacen 711
Almacen 793,Almacen 730
Almacen 799,Almacen 642
Almacen 800,Almacen 628
Almacen 800,Almacen 653
Almacen 800,Almacen 680
Almacen 800,Almacen 695
Almacen 800,Almacen 708
Almacen 800,Almacen 720
Almacen 800,Almacen 728
Almacen 811,Almacen 625
Almacen 811,Almacen 627
Almacen 811,Almacen 628
Almacen 811,Almacen 636
Almacen 811,Almacen 638
Almacen 811,Almacen 642
Almacen 811,Almacen 649
Almacen 811,Almacen 653
Almacen 811,Almacen 663
Almacen 811,Almacen 669
Almacen 811,Almacen 680
Almacen 811,Almacen 691
Almacen 811,Almacen 694
Almacen 811,Almacen 695
Almacen 811,Almacen 720
Almacen 811,Almacen 728
Almacen 811,Almacen 730
Almacen 825,Almacen 445
Almacen 825,Almacen 484
Almacen 825,Almacen 522
Almacen 825,Almacen 529
Almacen 825,Almacen 535
Almacen 825,Almacen 541
Almacen 825,Almacen 543
Almacen 825,Almacen 546
Almacen 825,Almacen 554
Almacen 825,Almacen 558
Almacen 825,Almacen 578
Almacen 825,Almacen 586
Almacen 825,Almacen 587
Almacen 825,Almacen 605
Almacen 825,Almacen 608
Almacen 825,Almacen 609
Almacen 825,Almacen 616
Almacen 825,Almacen 622
Almacen 825,Almacen 625
Almacen 825,Almacen 627
Almacen 825,Almacen 628
Almacen 825,Almacen 636
Almacen 825,Almacen 638
Almacen 825,Almacen 641
Almacen 825,Almacen 642
Almacen 825,Almacen 649
Almacen 825,Almacen 651
Almacen 825,Almacen 653
Almacen 825,Almacen 663
Almacen 825,Almacen 668
Almacen 825,Almacen 669
Almacen 825,Almacen 671
Almacen 825,Almacen 676
Almacen 825,Almacen 677
Almacen 825,Almacen 679
Almacen 825,Almacen 680
Almacen 825,Almacen 685
Almacen 825,Almacen 691
Almacen 825,Almacen 694
Almacen 825,Almacen 695
Almacen 825,Almacen 708
Almacen 825,Almacen 709
Almacen 825,Almacen 711
Almacen 825,Almacen 720
Almacen 825,Almacen 728
Almacen 825,Almacen 730
Almacen 828,Almacen 442
Almacen 828,Almacen 555
Almacen 828,Almacen 571
Almacen 828,Almacen 602
Almacen 828,Almacen 604
Almacen 828,Almacen 610
Almacen 828,Almacen 622
Almacen 828,Almacen 624
Almacen 828,Almacen 625
Almacen 828,Almacen 628
Almacen 828,Almacen 633
Almacen 828,Almacen 641
Almacen 828,Almacen 642
Almacen 828,Almacen 647
Almacen 828,Almacen 649
Almacen 828,Almacen 653
Almacen 828,Almacen 654
Almacen 828,Almacen 659
Almacen 828,Almacen 663
Almacen 828,Almacen 669
Almacen 828,Almacen 671
Almacen 828,Almacen 677
Almacen 828,Almacen 680
Almacen 828,Almacen 691
Almacen 828,Almacen 694
Almacen 828,Almacen 695
Almacen 828,Almacen 697
Almacen 828,Almacen 698
Almacen 828,Almacen 706
Almacen 828,Almacen 711
Almacen 828,Almacen 728
Almacen 828,Almacen 730
Almacen 828,Almacen 735
Almacen 1037,Almacen 449
Almacen 1037,Almacen 555
Almacen 1037,Almacen 593
Almacen 1037,Almacen 602
Almacen 1037,Almacen 604
Almacen 1037,Almacen 610
Almacen 1037,Almacen 624
Almacen 1037,Almacen 625
Almacen 1037,Almacen 628
Almacen 1037,Almacen 633
Almacen 1037,Almacen 641
Almacen 1037,Almacen 642
Almacen 1037,Almacen 647
Almacen 1037,Almacen 649
Almacen 1037,Almacen 653
Almacen 1037,Almacen 659
Almacen 1037,Almacen 663
Almacen 1037,Almacen 669
Almacen 1037,Almacen 691
Almacen 1037,Almacen 695
Almacen 1037,Almacen 698
Almacen 1037,Almacen 711
Almacen 1037,Almacen 728
Almacen 1037,Almacen 730
Almacen 1041,Almacen 636
Almacen 1041,Almacen 680
Almacen 1041,Almacen 695
Almacen 1041,Almacen 728
Almacen 1052,Almacen 555
Almacen 1052,Almacen 624
Almacen 1052,Almacen 625
Almacen 1052,Almacen 628
Almacen 1052,Almacen 641
Almacen 1052,Almacen 642
Almacen 1052,Almacen 647
Almacen 1052,Almacen 654
Almacen 1052,Almacen 680
Almacen 1052,Almacen 691
Almacen 1052,Almacen 695
Almacen 1052,Almacen 711
Almacen 1052,Almacen 728
Almacen 1052,Almacen 730
Almacen 1099,Almacen 642
Almacen 1099,Almacen 643
Almacen 1101,Almacen 642
Almacen 1101,Almacen 643
Almacen 1129,Almacen 642
Almacen 1131,Almacen 442
Almacen 1131,Almacen 445
Almacen 1131,Almacen 628
Almacen 1131,Almacen 642
Almacen 1131,Almacen 647
Almacen 1131,Almacen 664
Almacen 1131,Almacen 669
Almacen 1131,Almacen 676
Almacen 1131,Almacen 680
Almacen 1131,Almacen 691
Almacen 1131,Almacen 694
Almacen 1131,Almacen 695
Almacen 1131,Almacen 712
Almacen 1131,Almacen 724
Almacen 1131,Almacen 728
Almacen 1135,Almacen 445
Almacen 1135,Almacen 622
Almacen 1135,Almacen 625
Almacen 1135,Almacen 626
Almacen 1135,Almacen 627
Almacen 1135,Almacen 628
Almacen 1135,Almacen 641
Almacen 1135,Almacen 642
Almacen 1135,Almacen 643
Almacen 1135,Almacen 646
Almacen 1135,Almacen 647
Almacen 1135,Almacen 649
Almacen 1135,Almacen 652
Almacen 1135,Almacen 653
Almacen 1135,Almacen 663
Almacen 1135,Almacen 664
Almacen 1135,Almacen 669
Almacen 1135,Almacen 671
Almacen 1135,Almacen 676
Almacen 1135,Almacen 677
Almacen 1135,Almacen 680
Almacen 1135,Almacen 683
Almacen 1135,Almacen 685
Almacen 1135,Almacen 691
Almacen 1135,Almacen 692
Almacen 1135,Almacen 694
Almacen 1135,Almacen 695
Almacen 1135,Almacen 696
Almacen 1135,Almacen 697
Almacen 1135,Almacen 708
Almacen 1135,Almacen 709
Almacen 1135,Almacen 712
Almacen 1135,Almacen 724
Almacen 1135,Almacen 728
Almacen 1135,Almacen 730
Almacen 1151,Almacen 642
Almacen 1166,Almacen 622
Almacen 1166,Almacen 642
Almacen 1216,Almacen 642
Almacen 1233,Almacen 642
Almacen 1269,Almacen 622
Almacen 1290,Almacen 449
Almacen 1290,Almacen 600
Almacen 1290,Almacen 625
Almacen 1290,Almacen 627
Almacen 1290,Almacen 628
Almacen 1290,Almacen 641
Almacen 1290,Almacen 642
Almacen 1290,Almacen 647
Almacen 1290,Almacen 652
Almacen 1290,Almacen 663
Almacen 1290,Almacen 669
Almacen 1290,Almacen 682
Almacen 1290,Almacen 683
Almacen 1290,Almacen 694
Almacen 1290,Almacen 695
Almacen 1290,Almacen 697
Almacen 1290,Almacen 706
Almacen 1290,Almacen 728
Almacen 1293,Almacen 574
Almacen 1293,Almacen 642
Almacen 1293,Almacen 643
Almacen 1293,Almacen 647
Almacen 1293,Almacen 653
Almacen 1293,Almacen 683
Almacen 1293,Almacen 691
Almacen 1293,Almacen 694
Almacen 1293,Almacen 720
Almacen 1298,Almacen 465
Almacen 1298,Almacen 467
Almacen 1302,Almacen 442
Almacen 1302,Almacen 445
Almacen 1302,Almacen 448
Almacen 1302,Almacen 449
Almacen 1302,Almacen 451
Almacen 1302,Almacen 452
Almacen 1302,Almacen 465
Almacen 1302,Almacen 467
Almacen 1302,Almacen 528
Almacen 1302,Almacen 566
Almacen 1302,Almacen 571
Almacen 1302,Almacen 574
Almacen 1302,Almacen 577
Almacen 1302,Almacen 588
Almacen 1302,Almacen 591
Almacen 1302,Almacen 593
Almacen 1302,Almacen 595
Almacen 1302,Almacen 600
Almacen 1302,Almacen 602
Almacen 1302,Almacen 604
Almacen 1302,Almacen 622
Almacen 1302,Almacen 625
Almacen 1302,Almacen 627
Almacen 1302,Almacen 628
Almacen 1302,Almacen 641
Almacen 1302,Almacen 642
Almacen 1302,Almacen 643
Almacen 1302,Almacen 647
Almacen 1302,Almacen 649
Almacen 1302,Almacen 652
Almacen 1302,Almacen 653
Almacen 1302,Almacen 654
Almacen 1302,Almacen 659
Almacen 1302,Almacen 660
Almacen 1302,Almacen 663
Almacen 1302,Almacen 664
Almacen 1302,Almacen 669
Almacen 1302,Almacen 671
Almacen 1302,Almacen 676
Almacen 1302,Almacen 677
Almacen 1302,Almacen 680
Almacen 1302,Almacen 681
Almacen 1302,Almacen 682
Almacen 1302,Almacen 683
Almacen 1302,Almacen 685
Almacen 1302,Almacen 691
Almacen 1302,Almacen 694
Almacen 1302,Almacen 695
Almacen 1302,Almacen 696
Almacen 1302,Almacen 697
Almacen 1302,Almacen 699
Almacen 1302,Almacen 702
Almacen 1302,Almacen 706
Almacen 1302,Almacen 707
Almacen 1302,Almacen 708
Almacen 1302,Almacen 725
Almacen 1302,Almacen 728
Almacen 1302,Almacen 730
Almacen 1305,Almacen 445
Almacen 1305,Almacen 449
Almacen 1305,Almacen 452
Almacen 1305,Almacen 465
Almacen 1305,Almacen 467
Almacen 1305,Almacen 549
Almacen 1305,Almacen 571
Almacen 1305,Almacen 573
Almacen 1305,Almacen 574
Almacen 1305,Almacen 577
Almacen 1305,Almacen 588
Almacen 1305,Almacen 591
Almacen 1305,Almacen 595
Almacen 1305,Almacen 604
Almacen 1305,Almacen 622
Almacen 1305,Almacen 625
Almacen 1305,Almacen 627
Almacen 1305,Almacen 628
Almacen 1305,Almacen 641
Almacen 1305,Almacen 642
Almacen 1305,Almacen 643
Almacen 1305,Almacen 647
Almacen 1305,Almacen 649
Almacen 1305,Almacen 652
Almacen 1305,Almacen 653
Almacen 1305,Almacen 654
Almacen 1305,Almacen 659
Almacen 1305,Almacen 663
Almacen 1305,Almacen 664
Almacen 1305,Almacen 669
Almacen 1305,Almacen 671
Almacen 1305,Almacen 676
Almacen 1305,Almacen 677
Almacen 1305,Almacen 680
Almacen 1305,Almacen 681
Almacen 1305,Almacen 683
Almacen 1305,Almacen 685
Almacen 1305,Almacen 691
Almacen 1305,Almacen 692
Almacen 1305,Almacen 694
Almacen 1305,Almacen 695
Almacen 1305,Almacen 697
Almacen 1305,Almacen 699
Almacen 1305,Almacen 702
Almacen 1305,Almacen 707
Almacen 1305,Almacen 708
Almacen 1305,Almacen 715
Almacen 1305,Almacen 716
Almacen 1305,Almacen 720
Almacen 1305,Almacen 728
Almacen 1305,Almacen 729
Almacen 1305,Almacen 730
Almacen 1305,Almacen 734
Almacen 1311,Almacen 711
Almacen 1311,Almacen 730
Almacen 1311,Almacen 732
Almacen 1314,Almacen 730
Almacen 1319,Almacen 642
Almacen 1320,Almacen 642
Almacen 1321,Almacen 730
Almacen 1325,Almacen 555
Almacen 1325,Almacen 574
Almacen 1325,Almacen 593
Almacen 1325,Almacen 598
Almacen 1325,Almacen 610
Almacen 1325,Almacen 622
Almacen 1325,Almacen 624
Almacen 1325,Almacen 625
Almacen 1325,Almacen 641
Almacen 1325,Almacen 642
Almacen 1325,Almacen 647
Almacen 1325,Almacen 649
Almacen 1325,Almacen 653
Almacen 1325,Almacen 663
Almacen 1325,Almacen 669
Almacen 1325,Almacen 691
Almacen 1325,Almacen 694
Almacen 1325,Almacen 695
Almacen 1325,Almacen 698
Almacen 1325,Almacen 728
Almacen 1325,Almacen 730
Almacen 1325,Almacen 735
Almacen 1326,Almacen 642
Almacen 1326,Almacen 730
Almacen 1365,Almacen 622
Almacen 1365,Almacen 641
Almacen 1365,Almacen 642
Almacen 1365,Almacen 669
Almacen 1365,Almacen 721
Almacen 1365,Almacen 730
Almacen 1366,Almacen 627
Almacen 1368,Almacen 447
Almacen 1368,Almacen 571
Almacen 1368,Almacen 582
Almacen 1368,Almacen 602
Almacen 1368,Almacen 622
Almacen 1368,Almacen 627
Almacen 1368,Almacen 628
Almacen 1368,Almacen 636
Almacen 1368,Almacen 642
Almacen 1368,Almacen 653
Almacen 1368,Almacen 654
Almacen 1368,Almacen 663
Almacen 1368,Almacen 664
Almacen 1368,Almacen 669
Almacen 1368,Almacen 680
Almacen 1368,Almacen 691
Almacen 1368,Almacen 694
Almacen 1368,Almacen 695
Almacen 1368,Almacen 706
Almacen 1368,Almacen 711
Almacen 1368,Almacen 717
Almacen 1368,Almacen 721
Almacen 1368,Almacen 728
Almacen 1368,Almacen 730
Almacen 1371,Almacen 442
Almacen 1371,Almacen 447
Almacen 1371,Almacen 449
Almacen 1371,Almacen 474
Almacen 1371,Almacen 533
Almacen 1371,Almacen 571
Almacen 1371,Almacen 574
Almacen 1371,Almacen 583
Almacen 1371,Almacen 588
Almacen 1371,Almacen 591
Almacen 1371,Almacen 593
Almacen 1371,Almacen 595
Almacen 1371,Almacen 598
Almacen 1371,Almacen 602
Almacen 1371,Almacen 604
Almacen 1371,Almacen 619
Almacen 1371,Almacen 622
Almacen 1371,Almacen 623
Almacen 1371,Almacen 626
Almacen 1371,Almacen 627
Almacen 1371,Almacen 628
Almacen 1371,Almacen 633
Almacen 1371,Almacen 636
Almacen 1371,Almacen 641
Almacen 1371,Almacen 642
Almacen 1371,Almacen 647
Almacen 1371,Almacen 649
Almacen 1371,Almacen 651
Almacen 1371,Almacen 652
Almacen 1371,Almacen 653
Almacen 1371,Almacen 654
Almacen 1371,Almacen 655
Almacen 1371,Almacen 663
Almacen 1371,Almacen 664
Almacen 1371,Almacen 669
Almacen 1371,Almacen 671
Almacen 1371,Almacen 676
Almacen 1371,Almacen 680
Almacen 1371,Almacen 682
Almacen 1371,Almacen 683
Almacen 1371,Almacen 686
Almacen 1371,Almacen 691
Almacen 1371,Almacen 692
Almacen 1371,Almacen 694
Almacen 1371,Almacen 695
Almacen 1371,Almacen 697
Almacen 1371,Almacen 702
Almacen 1371,Almacen 706
Almacen 1371,Almacen 708
Almacen 1371,Almacen 711
Almacen 1371,Almacen 714
Almacen 1371,Almacen 717
Almacen 1371,Almacen 721
Almacen 1371,Almacen 726
Almacen 1371,Almacen 728
Almacen 1371,Almacen 730
Almacen 1371,Almacen 731
Almacen 1372,Almacen 622
Almacen 1372,Almacen 636
Almacen 1372,Almacen 642
Almacen 1372,Almacen 669
Almacen 1376,Almacen 622
Almacen 1379,Almacen 642
Almacen 1434,Almacen 622
Almacen 1450,Almacen 730
Almacen 1452,Almacen 730
Almacen 1456,Almacen 642
Almacen 1459,Almacen 642
Almacen 1466,Almacen 642
Almacen 555,Concesionario
Almacen 619,Concesionario
Almacen 625,Concesionario
Almacen 628,Concesionario
Almacen 636,Concesionario
Almacen 647,Concesionario
Almacen 649,Concesionario
Almacen 652,Concesionario
Almacen 653,Concesionario
Almacen 654,Concesionario
Almacen 655,Concesionario
Almacen 663,Concesionario
Almacen 669,Concesionario
Almacen 680,Concesionario
Almacen 691,Concesionario
Almacen 694,Concesionario
Almacen 695,Concesionario
Almacen 697,Concesionario
Almacen 706,Concesionario
Almacen 720,Concesionario
Almacen 728,Concesionario
